date,precipitation,temp_max,temp_min,wind,weather,month,season
2012-01-01,0.0,12.8,5.0,4.71,drizzle,1,winter
2012-01-02,10.9,,2.7999999999999994,4.53,rain,1,winter
2012-01-03,0.8,11.7,7.2,2.32,rain,1,winter
2012-01-04,20.3,12.2,5.599999999999999,4.72,rain,1,winter
2012-01-05,1.3,,2.7999999999999994,6.12,rain,1,winter
2012-01-06,2.5,4.4,2.2000000000000006,2.22,rain,1,winter
2012-01-07,0.0,,2.7999999999999994,2.33,rain,1,winter
2012-01-08,0.0,,2.7999999999999994,2.01,sun,1,winter
2012-01-09,4.3,9.4,5.0,3.44,rain,1,winter
2012-01-10,1.0,6.1,0.5999999999999991,3.4,rain,1,winter
2012-01-11,0.0,6.1,-1.1000000000000003,5.12,sun,1,winter
2012-01-12,0.0,6.1,-1.6999999999999993,1.91,sun,1,winter
2012-01-13,0.0,5.0,-2.7999999999999994,1.31,sun,1,winter
2012-01-14,,4.4,0.5999999999999991,5.31,snow,1,winter
2012-01-15,5.3,,-3.2999999999999985,3.23,snow,1,winter
2012-01-16,2.5,1.7,-2.7999999999999994,5.04,snow,1,winter
2012-01-17,8.1,,0.0,5.61,snow,1,winter
2012-01-18,19.8,0.0,-2.7999999999999994,5.03,snow,1,winter
2012-01-19,15.2,-1.1,-2.7999999999999994,1.63,snow,1,winter
2012-01-20,13.5,,-1.1000000000000003,2.31,snow,1,winter
2012-01-21,3.0,8.3,3.2999999999999985,8.21,rain,1,winter
2012-01-22,6.1,6.7,2.2000000000000006,4.83,rain,1,winter
2012-01-23,0.0,8.3,1.0999999999999983,3.63,rain,1,winter
2012-01-24,8.6,,2.2000000000000006,5.12,rain,1,winter
2012-01-25,8.1,8.9,4.400000000000001,5.42,rain,1,winter
2012-01-26,4.8,8.9,1.0999999999999983,4.83,rain,1,winter
2012-01-27,0.0,6.7,-2.2000000000000006,1.43,drizzle,1,winter
2012-01-28,0.0,6.7,0.5999999999999991,2.22,rain,1,winter
2012-01-29,27.7,9.4,3.8999999999999977,4.5,rain,1,winter
2012-01-30,3.6,8.3,6.100000000000002,5.11,rain,1,winter
2012-01-31,1.8,,6.100000000000002,3.9,rain,1,winter
2012-02-01,13.5,8.9,3.2999999999999985,2.72,rain,2,winter
2012-02-02,0.0,8.3,1.7000000000000013,2.63,sun,2,winter
2012-02-03,0.0,14.4,2.2000000000000006,5.32,sun,2,winter
2012-02-04,0.0,15.6,5.0,4.34,sun,2,winter
2012-02-05,0.0,13.9,1.7000000000000013,2.93,sun,2,winter
2012-02-06,0.0,16.1,1.7000000000000013,5.02,sun,2,winter
2012-02-07,0.3,15.6,7.799999999999999,5.32,rain,2,winter
2012-02-08,2.8,10.0,5.0,2.71,rain,2,winter
2012-02-09,2.5,,7.799999999999999,2.42,rain,2,winter
2012-02-10,2.5,12.8,6.700000000000001,3.02,rain,2,winter
2012-02-11,0.8,8.9,5.599999999999999,3.43,rain,2,winter
2012-02-12,1.0,8.3,5.0,1.32,rain,2,winter
2012-02-13,11.4,,4.400000000000001,1.4,rain,2,winter
2012-02-14,2.5,6.7,1.0999999999999983,3.11,rain,2,winter
2012-02-15,0.0,7.2,0.5999999999999991,1.83,drizzle,2,winter
2012-02-16,1.8,7.2,3.2999999999999985,2.14,rain,2,winter
2012-02-17,17.3,10.0,4.400000000000001,3.42,rain,2,winter
2012-02-18,6.4,,3.8999999999999977,8.11,rain,2,winter
2012-02-19,0.0,6.7,2.2000000000000006,4.73,sun,2,winter
2012-02-20,3.0,,1.7000000000000013,2.91,rain,2,winter
2012-02-21,,10.0,7.799999999999999,7.51,rain,2,winter
2012-02-22,8.6,10.0,2.7999999999999994,5.91,rain,2,winter
2012-02-23,0.0,8.3,2.7999999999999994,3.93,sun,2,winter
2012-02-24,,6.7,4.400000000000001,3.53,rain,2,winter
2012-02-25,0.0,7.2,2.7999999999999994,6.44,rain,2,winter
2012-02-26,1.3,,-1.1000000000000003,3.43,snow,2,winter
2012-02-27,0.0,6.7,-2.2000000000000006,3.02,sun,2,winter
2012-02-28,3.6,6.7,-0.5999999999999991,4.21,snow,2,winter
2012-02-29,0.8,5.0,1.0999999999999983,7.04,snow,2,winter
2012-03-01,0.0,6.1,1.0999999999999983,3.12,sun,3,spring
2012-03-02,,6.7,3.8999999999999977,5.11,rain,3,spring
2012-03-03,0.0,12.2,6.700000000000001,7.03,sun,3,spring
2012-03-04,0.0,10.6,6.700000000000001,5.61,rain,3,spring
2012-03-05,6.9,,1.0999999999999983,6.22,rain,3,spring
2012-03-06,,6.7,0.0,2.73,snow,3,spring
2012-03-07,0.0,8.9,-1.6999999999999993,2.71,sun,3,spring
2012-03-08,0.0,15.6,0.5999999999999991,2.54,sun,3,spring
2012-03-09,3.6,9.4,5.0,2.81,rain,3,spring
2012-03-10,10.4,7.2,6.100000000000002,3.41,rain,3,spring
2012-03-11,13.7,6.7,2.7999999999999994,5.84,rain,3,spring
2012-03-12,19.3,8.3,0.5999999999999991,6.22,snow,3,spring
2012-03-13,9.4,5.6,0.5999999999999991,5.33,snow,3,spring
2012-03-14,8.6,,1.0999999999999983,4.7,rain,3,spring
2012-03-15,23.9,11.1,5.599999999999999,5.82,snow,3,spring
2012-03-16,8.4,8.9,3.8999999999999977,5.14,rain,3,spring
2012-03-17,9.4,10.0,0.5999999999999991,3.83,snow,3,spring
2012-03-18,3.6,5.0,-0.5999999999999991,2.71,rain,3,spring
2012-03-19,2.0,,-1.1000000000000003,3.02,rain,3,spring
2012-03-20,3.6,,2.2000000000000006,6.41,rain,3,spring
2012-03-21,1.3,8.9,1.0999999999999983,2.51,rain,3,spring
2012-03-22,4.1,,1.7000000000000013,2.1,rain,3,spring
2012-03-23,0.0,12.2,0.5999999999999991,2.82,sun,3,spring
2012-03-24,0.0,15.0,3.2999999999999985,5.2,sun,3,spring
2012-03-25,0.0,13.3,2.2000000000000006,2.7,rain,3,spring
2012-03-26,0.0,,6.100000000000002,4.32,drizzle,3,spring
2012-03-27,4.8,14.4,6.700000000000001,3.81,rain,3,spring
2012-03-28,1.3,10.6,7.2,5.92,rain,3,spring
2012-03-29,,10.0,6.100000000000002,4.41,rain,3,spring
2012-03-30,5.6,9.4,5.0,4.72,rain,3,spring
2012-03-31,13.2,,2.7999999999999994,3.4,rain,3,spring
2012-04-01,1.5,8.9,4.400000000000001,6.81,rain,4,spring
2012-04-02,0.0,16.7,4.400000000000001,3.12,sun,4,spring
2012-04-03,,11.7,3.2999999999999985,3.13,rain,4,spring
2012-04-04,0.0,10.6,2.7999999999999994,2.13,sun,4,spring
2012-04-05,4.6,9.4,2.7999999999999994,1.81,snow,4,spring
2012-04-06,0.3,,3.2999999999999985,2.61,rain,4,spring
2012-04-07,0.0,16.1,1.7000000000000013,4.32,sun,4,spring
2012-04-08,0.0,21.1,7.2,4.11,sun,4,spring
2012-04-09,0.0,20.0,6.100000000000002,2.13,sun,4,spring
2012-04-10,0.0,17.8,8.899999999999997,3.24,rain,4,spring
2012-04-11,2.3,11.1,7.2,2.63,rain,4,spring
2012-04-12,0.5,,5.599999999999999,2.63,rain,4,spring
2012-04-13,0.0,,3.8999999999999977,4.03,drizzle,4,spring
2012-04-14,0.0,,3.2999999999999985,3.02,sun,4,spring
2012-04-15,0.0,16.1,7.2,2.93,rain,4,spring
2012-04-16,8.1,13.3,6.700000000000001,5.83,rain,4,spring
2012-04-17,1.8,10.0,4.400000000000001,2.01,rain,4,spring
2012-04-18,1.8,13.3,7.2,3.91,rain,4,spring
2012-04-19,10.9,13.9,5.0,2.64,rain,4,spring
2012-04-20,6.6,,6.700000000000001,2.72,rain,4,spring
2012-04-21,0.0,20.0,4.400000000000001,2.32,sun,4,spring
2012-04-22,0.0,23.3,8.299999999999999,2.62,rain,4,spring
2012-04-23,0.0,21.7,8.899999999999997,3.53,sun,4,spring
2012-04-24,,13.9,10.0,2.82,rain,4,spring
2012-04-25,10.7,16.7,8.899999999999997,2.6,rain,4,spring
2012-04-26,3.8,,6.700000000000001,5.22,rain,4,spring
2012-04-27,0.8,,6.100000000000002,4.81,rain,4,spring
2012-04-28,0.0,,8.299999999999999,2.51,drizzle,4,spring
2012-04-29,4.3,,8.899999999999997,1.61,rain,4,spring
2012-04-30,4.3,,7.2,8.02,rain,4,spring
2012-05-01,0.5,11.7,6.100000000000002,6.44,rain,5,spring
2012-05-02,0.5,13.3,5.599999999999999,2.53,rain,5,spring
2012-05-03,18.5,11.1,7.2,3.41,rain,5,spring
2012-05-04,1.8,,6.100000000000002,4.61,rain,5,spring
2012-05-05,0.0,13.3,5.0,2.3,sun,5,spring
2012-05-06,0.0,17.8,5.0,2.42,sun,5,spring
2012-05-07,0.0,23.9,6.100000000000002,2.21,sun,5,spring
2012-05-08,0.0,18.3,9.4,3.02,sun,5,spring
2012-05-09,0.0,13.3,6.700000000000001,3.92,rain,5,spring
2012-05-10,0.0,,3.8999999999999977,3.03,sun,5,spring
2012-05-11,0.0,,4.400000000000001,4.33,sun,5,spring
2012-05-12,0.0,24.4,6.700000000000001,3.42,sun,5,spring
2012-05-13,0.0,25.6,9.4,4.24,sun,5,spring
2012-05-14,0.0,26.7,12.800000000000002,3.83,sun,5,spring
2012-05-15,,24.4,9.4,4.11,drizzle,5,spring
2012-05-16,0.0,19.4,9.4,3.52,sun,5,spring
2012-05-17,0.0,17.8,6.700000000000001,2.93,rain,5,spring
2012-05-18,0.0,,7.799999999999999,3.12,rain,5,spring
2012-05-19,0.0,,7.2,1.53,sun,5,spring
2012-05-20,6.4,,11.7,1.32,rain,5,spring
2012-05-21,14.0,,10.0,4.04,rain,5,spring
2012-05-22,,,8.899999999999997,4.82,rain,5,spring
2012-05-23,0.3,14.4,8.899999999999997,6.32,rain,5,spring
2012-05-24,0.0,17.2,8.899999999999997,3.34,rain,5,spring
2012-05-25,0.0,,8.899999999999997,3.11,rain,5,spring
2012-05-26,,22.2,8.899999999999997,3.63,sun,5,spring
2012-05-27,0.0,17.2,11.7,3.72,sun,5,spring
2012-05-28,0.0,,10.0,3.44,rain,5,spring
2012-05-29,0.0,16.1,7.799999999999999,1.82,sun,5,spring
2012-05-30,0.3,,11.1,1.53,rain,5,spring
2012-05-31,3.8,17.8,12.2,2.73,rain,5,spring
2012-06-01,6.6,20.0,12.800000000000002,3.71,rain,6,summer
2012-06-02,0.3,18.9,10.6,3.72,rain,6,summer
2012-06-03,0.0,,9.4,2.91,sun,6,summer
2012-06-04,1.3,12.8,8.899999999999997,3.11,rain,6,summer
2012-06-05,16.0,13.3,8.299999999999999,3.33,rain,6,summer
2012-06-06,0.0,16.1,6.100000000000002,3.44,sun,6,summer
2012-06-07,16.5,16.1,8.899999999999997,3.54,rain,6,summer
2012-06-08,1.5,15.0,8.299999999999999,3.02,rain,6,summer
2012-06-09,0.0,17.2,8.299999999999999,4.7,rain,6,summer
2012-06-10,,,10.0,2.93,sun,6,summer
2012-06-11,0.0,23.3,10.0,1.81,rain,6,summer
2012-06-12,,18.3,12.800000000000002,3.91,rain,6,summer
2012-06-13,0.0,,11.1,4.31,sun,6,summer
2012-06-14,0.0,17.2,10.0,2.71,sun,6,summer
2012-06-15,0.0,22.2,9.4,1.7,sun,6,summer
2012-06-16,0.0,,15.0,4.13,rain,6,summer
2012-06-17,0.0,18.9,11.7,6.44,sun,6,summer
2012-06-18,3.0,17.2,10.0,3.83,rain,6,summer
2012-06-19,1.0,19.4,10.0,3.03,rain,6,summer
2012-06-20,0.0,24.4,10.0,3.01,sun,6,summer
2012-06-21,0.0,23.9,11.7,2.12,sun,6,summer
2012-06-22,15.7,13.9,11.7,1.93,rain,6,summer
2012-06-23,8.6,15.6,9.4,2.51,rain,6,summer
2012-06-24,0.0,,9.4,2.01,drizzle,6,summer
2012-06-25,0.5,19.4,11.1,3.13,rain,6,summer
2012-06-26,0.0,18.3,10.6,3.42,rain,6,summer
2012-06-27,,22.8,8.899999999999997,1.81,sun,6,summer
2012-06-28,0.0,22.2,11.7,2.54,rain,6,summer
2012-06-29,0.3,21.7,15.0,1.91,rain,6,summer
2012-06-30,3.0,20.0,13.3,2.4,rain,6,summer
2012-07-01,0.0,20.0,12.2,2.34,rain,7,summer
2012-07-02,2.0,18.9,11.7,2.14,rain,7,summer
2012-07-03,5.8,18.3,10.6,6.03,rain,7,summer
2012-07-04,0.0,20.6,9.4,3.81,sun,7,summer
2012-07-05,0.0,,10.6,3.1,drizzle,7,summer
2012-07-06,0.0,25.0,11.1,2.12,sun,7,summer
2012-07-07,0.0,26.7,12.800000000000002,3.81,sun,7,summer
2012-07-08,,,14.4,2.84,rain,7,summer
2012-07-09,1.5,25.0,12.800000000000002,2.01,rain,7,summer
2012-07-10,,,11.1,2.31,drizzle,7,summer
2012-07-11,0.0,27.8,13.3,2.94,fog,7,summer
2012-07-12,0.0,,13.3,2.71,drizzle,7,summer
2012-07-13,0.5,23.3,13.899999999999997,2.21,rain,7,summer
2012-07-14,0.0,25.0,15.0,2.22,rain,7,summer
2012-07-15,0.0,18.9,13.3,3.84,rain,7,summer
2012-07-16,0.3,26.1,13.3,2.5,rain,7,summer
2012-07-17,,,15.0,2.61,sun,7,summer
2012-07-18,0.0,21.1,14.4,2.93,sun,7,summer
2012-07-19,0.0,,14.4,2.22,sun,7,summer
2012-07-20,15.2,,13.899999999999997,4.03,rain,7,summer
2012-07-21,0.0,23.9,13.899999999999997,2.32,sun,7,summer
2012-07-22,1.0,20.6,12.2,3.93,rain,7,summer
2012-07-23,0.0,,11.1,3.31,rain,7,summer
2012-07-24,0.0,23.3,12.2,4.31,sun,7,summer
2012-07-25,,26.7,12.800000000000002,2.64,sun,7,summer
2012-07-26,0.0,25.6,12.800000000000002,2.2,drizzle,7,summer
2012-07-27,0.0,18.9,13.899999999999997,2.81,drizzle,7,summer
2012-07-28,,22.2,13.3,1.71,drizzle,7,summer
2012-07-29,0.0,,15.0,2.01,sun,7,summer
2012-07-30,0.0,19.4,13.3,3.02,sun,7,summer
2012-07-31,0.0,,13.899999999999997,2.81,sun,7,summer
2012-08-01,0.0,23.9,13.3,2.2,drizzle,8,summer
2012-08-02,0.0,23.3,12.2,2.53,sun,8,summer
2012-08-03,0.0,27.2,12.800000000000002,3.91,sun,8,summer
2012-08-04,0.0,33.9,16.7,3.72,sun,8,summer
2012-08-05,0.0,,17.799999999999994,1.92,sun,8,summer
2012-08-06,0.0,28.3,15.599999999999998,2.52,rain,8,summer
2012-08-07,0.0,,15.0,2.61,drizzle,8,summer
2012-08-08,0.0,22.2,15.0,3.13,sun,8,summer
2012-08-09,0.0,,14.4,3.81,drizzle,8,summer
2012-08-10,0.0,,12.2,2.31,sun,8,summer
2012-08-11,0.0,,13.3,2.54,sun,8,summer
2012-08-12,0.0,,15.0,3.0,sun,8,summer
2012-08-13,0.0,30.6,15.0,2.83,sun,8,summer
2012-08-14,0.0,28.9,13.899999999999997,2.82,sun,8,summer
2012-08-15,0.0,31.1,16.7,4.72,sun,8,summer
2012-08-16,,,18.3,2.82,sun,8,summer
2012-08-17,0.0,,16.1,1.84,sun,8,summer
2012-08-18,0.0,21.7,14.4,3.01,drizzle,8,summer
2012-08-19,0.0,23.3,15.0,2.73,drizzle,8,summer
2012-08-20,0.0,25.6,15.0,1.93,sun,8,summer
2012-08-21,0.0,23.3,13.3,3.01,rain,8,summer
2012-08-22,0.0,,13.3,2.33,sun,8,summer
2012-08-23,0.0,21.1,13.899999999999997,3.8,sun,8,summer
2012-08-24,0.0,,10.0,3.31,sun,8,summer
2012-08-25,0.0,26.1,11.7,3.23,sun,8,summer
2012-08-26,0.0,21.1,12.2,3.44,sun,8,summer
2012-08-27,0.0,23.9,13.3,1.8,sun,8,summer
2012-08-28,0.0,22.8,12.2,3.24,sun,8,summer
2012-08-29,0.0,22.8,13.3,2.41,sun,8,summer
2012-08-30,0.0,22.8,12.800000000000002,1.92,sun,8,summer
2012-08-31,0.0,22.2,10.6,2.91,sun,8,summer
2012-09-01,0.0,21.7,10.6,2.11,sun,9,autumn
2012-09-02,0.0,,10.0,2.01,sun,9,autumn
2012-09-03,0.0,22.8,12.800000000000002,3.32,sun,9,autumn
2012-09-04,0.0,,11.1,3.11,sun,9,autumn
2012-09-05,0.0,26.1,11.7,2.64,sun,9,autumn
2012-09-06,0.0,28.3,14.4,4.23,sun,9,autumn
2012-09-07,0.0,32.2,13.3,3.11,sun,9,autumn
2012-09-08,0.0,25.0,13.3,3.03,sun,9,autumn
2012-09-09,0.3,18.9,13.899999999999997,5.02,rain,9,autumn
2012-09-10,0.3,20.0,11.7,3.92,rain,9,autumn
2012-09-11,0.0,20.0,8.899999999999997,4.22,sun,9,autumn
2012-09-12,,22.2,10.0,5.62,sun,9,autumn
2012-09-13,0.0,27.8,11.7,3.61,sun,9,autumn
2012-09-14,0.0,,11.1,1.53,sun,9,autumn
2012-09-15,0.0,22.2,11.1,1.91,sun,9,autumn
2012-09-16,0.0,24.4,9.4,2.33,sun,9,autumn
2012-09-17,0.0,27.8,11.7,2.23,fog,9,autumn
2012-09-18,0.0,,11.7,1.44,sun,9,autumn
2012-09-19,0.0,,11.7,1.93,drizzle,9,autumn
2012-09-20,0.0,19.4,10.0,2.54,drizzle,9,autumn
2012-09-21,0.0,16.1,12.800000000000002,2.12,drizzle,9,autumn
2012-09-22,0.3,19.4,11.7,1.11,rain,9,autumn
2012-09-23,0.0,19.4,10.0,1.43,fog,9,autumn
2012-09-24,0.0,,10.0,1.83,fog,9,autumn
2012-09-25,0.0,,11.1,1.72,sun,9,autumn
2012-09-26,0.0,19.4,9.4,1.71,drizzle,9,autumn
2012-09-27,0.0,,10.0,1.7,drizzle,9,autumn
2012-09-28,0.0,,12.2,1.12,rain,9,autumn
2012-09-29,0.0,20.6,12.2,4.33,sun,9,autumn
2012-09-30,0.0,21.1,7.799999999999999,3.14,sun,9,autumn
2012-10-01,0.0,23.3,8.899999999999997,3.03,sun,10,autumn
2012-10-02,0.0,,10.0,4.13,sun,10,autumn
2012-10-03,0.0,18.9,7.799999999999999,7.33,sun,10,autumn
2012-10-04,0.0,18.9,8.299999999999999,6.54,sun,10,autumn
2012-10-05,0.0,21.7,8.899999999999997,5.72,sun,10,autumn
2012-10-06,0.0,23.9,7.799999999999999,5.13,sun,10,autumn
2012-10-07,0.0,23.9,7.799999999999999,1.3,sun,10,autumn
2012-10-08,0.0,21.1,7.799999999999999,1.92,sun,10,autumn
2012-10-09,0.0,16.1,8.899999999999997,1.61,drizzle,10,autumn
2012-10-10,0.0,,8.299999999999999,1.43,drizzle,10,autumn
2012-10-11,0.0,13.9,7.2,1.31,drizzle,10,autumn
2012-10-12,,,8.899999999999997,4.62,rain,10,autumn
2012-10-13,4.8,15.6,12.2,3.91,rain,10,autumn
2012-10-14,16.5,,13.3,3.42,rain,10,autumn
2012-10-15,7.9,17.2,11.1,4.62,rain,10,autumn
2012-10-16,0.0,16.1,8.299999999999999,5.52,sun,10,autumn
2012-10-17,0.0,14.4,6.100000000000002,1.63,sun,10,autumn
2012-10-18,20.8,17.8,6.700000000000001,2.04,rain,10,autumn
2012-10-19,4.8,,9.4,5.3,rain,10,autumn
2012-10-20,0.5,11.1,6.100000000000002,5.72,rain,10,autumn
2012-10-21,6.4,11.7,4.400000000000001,2.71,rain,10,autumn
2012-10-22,8.9,7.8,3.2999999999999985,2.62,rain,10,autumn
2012-10-23,0.0,11.1,5.599999999999999,3.04,rain,10,autumn
2012-10-24,7.1,11.7,6.100000000000002,2.11,rain,10,autumn
2012-10-25,0.0,11.7,6.700000000000001,1.54,sun,10,autumn
2012-10-26,1.5,11.1,7.2,2.53,rain,10,autumn
2012-10-27,23.1,14.4,9.4,5.12,rain,10,autumn
2012-10-28,6.1,14.4,10.0,3.83,rain,10,autumn
2012-10-29,10.9,15.6,10.0,4.9,rain,10,autumn
2012-10-30,34.5,,12.2,2.84,rain,10,autumn
2012-10-31,14.5,15.6,11.1,2.71,rain,10,autumn
2012-11-01,9.7,,10.6,3.02,rain,11,autumn
2012-11-02,5.6,15.0,10.6,1.01,rain,11,autumn
2012-11-03,0.5,15.6,11.1,3.63,rain,11,autumn
2012-11-04,8.1,17.8,12.800000000000002,3.82,rain,11,autumn
2012-11-05,0.8,15.0,7.799999999999999,4.02,rain,11,autumn
2012-11-06,0.3,12.8,6.700000000000001,3.52,rain,11,autumn
2012-11-07,0.0,12.2,3.8999999999999977,3.41,rain,11,autumn
2012-11-08,0.0,10.0,1.0999999999999983,3.4,rain,11,autumn
2012-11-09,0.0,,1.0999999999999983,2.03,rain,11,autumn
2012-11-10,0.0,7.8,-0.5999999999999991,2.22,sun,11,autumn
2012-11-11,15.2,8.9,1.0999999999999983,3.02,rain,11,autumn
2012-11-12,3.6,,6.100000000000002,3.01,rain,11,autumn
2012-11-13,5.3,,7.799999999999999,2.5,rain,11,autumn
2012-11-14,,,5.0,2.63,rain,11,autumn
2012-11-15,0.0,9.4,2.7999999999999994,2.43,drizzle,11,autumn
2012-11-16,5.6,9.4,2.2000000000000006,1.61,rain,11,autumn
2012-11-17,6.1,12.2,6.100000000000002,5.33,rain,11,autumn
2012-11-18,7.9,,6.100000000000002,4.93,rain,11,autumn
2012-11-19,54.1,,8.299999999999999,6.04,rain,11,autumn
2012-11-20,3.8,11.1,7.2,4.24,rain,11,autumn
2012-11-21,11.2,8.3,3.8999999999999977,5.52,rain,11,autumn
2012-11-22,,,2.7999999999999994,1.52,rain,11,autumn
2012-11-23,32.0,,6.100000000000002,2.43,rain,11,autumn
2012-11-24,0.0,8.9,3.8999999999999977,1.23,rain,11,autumn
2012-11-25,0.0,8.3,1.0999999999999983,3.61,drizzle,11,autumn
2012-11-26,0.0,,1.7000000000000013,3.81,fog,11,autumn
2012-11-27,0.0,10.0,1.7000000000000013,1.52,sun,11,autumn
2012-11-28,2.8,,2.2000000000000006,2.91,rain,11,autumn
2012-11-29,,12.8,7.799999999999999,4.2,rain,11,autumn
2012-11-30,,15.0,7.799999999999999,4.61,rain,11,autumn
2012-12-01,4.1,13.3,8.299999999999999,5.51,rain,12,winter
2012-12-02,19.6,8.3,7.2,6.21,rain,12,winter
2012-12-03,13.0,,7.2,4.4,rain,12,winter
2012-12-04,14.2,,7.2,6.22,rain,12,winter
2012-12-05,1.5,8.9,4.400000000000001,5.02,rain,12,winter
2012-12-06,1.5,,6.100000000000002,5.11,rain,12,winter
2012-12-07,1.0,7.8,3.2999999999999985,4.6,rain,12,winter
2012-12-08,0.0,6.7,3.2999999999999985,2.01,sun,12,winter
2012-12-09,1.5,6.7,2.7999999999999994,2.14,rain,12,winter
2012-12-10,0.5,7.2,5.599999999999999,1.83,rain,12,winter
2012-12-11,3.0,7.8,5.599999999999999,4.53,rain,12,winter
2012-12-12,8.1,6.7,4.400000000000001,2.01,rain,12,winter
2012-12-13,2.3,7.2,3.2999999999999985,2.82,rain,12,winter
2012-12-14,7.9,6.1,1.0999999999999983,1.73,rain,12,winter
2012-12-15,5.3,4.4,0.5999999999999991,5.14,snow,12,winter
2012-12-16,,6.7,3.2999999999999985,5.51,snow,12,winter
2012-12-17,2.0,8.3,1.7000000000000013,9.51,rain,12,winter
2012-12-18,3.3,3.9,0.5999999999999991,5.3,snow,12,winter
2012-12-19,13.7,8.3,1.7000000000000013,5.82,snow,12,winter
2012-12-20,13.2,7.2,0.5999999999999991,3.72,rain,12,winter
2012-12-21,1.8,8.3,-1.6999999999999993,1.74,rain,12,winter
2012-12-22,3.3,8.3,3.8999999999999977,3.54,rain,12,winter
2012-12-23,6.6,7.2,3.2999999999999985,2.52,rain,12,winter
2012-12-24,0.3,5.6,2.7999999999999994,2.83,rain,12,winter
2012-12-25,13.5,5.6,2.7999999999999994,4.23,snow,12,winter
2012-12-26,4.6,6.7,3.2999999999999985,4.94,rain,12,winter
2012-12-27,4.1,7.8,3.2999999999999985,3.2,rain,12,winter
2012-12-28,0.0,,3.8999999999999977,1.71,rain,12,winter
2012-12-29,1.5,5.0,3.2999999999999985,1.72,rain,12,winter
2012-12-30,0.0,4.4,0.0,1.8,drizzle,12,winter
2012-12-31,0.0,,-1.1000000000000003,2.0,drizzle,12,winter
2013-01-01,0.0,5.0,-2.7999999999999994,2.71,sun,1,winter
2013-01-02,0.0,,-1.1000000000000003,3.23,sun,1,winter
2013-01-03,4.1,6.7,-1.6999999999999993,3.04,rain,1,winter
2013-01-04,2.5,10.0,2.2000000000000006,2.81,rain,1,winter
2013-01-05,3.0,6.7,4.400000000000001,3.12,rain,1,winter
2013-01-06,2.0,7.2,2.7999999999999994,3.01,rain,1,winter
2013-01-07,2.3,10.0,4.400000000000001,7.3,rain,1,winter
2013-01-08,16.3,11.7,5.599999999999999,6.33,rain,1,winter
2013-01-09,38.4,10.0,1.7000000000000013,5.12,rain,1,winter
2013-01-10,0.3,,-0.5999999999999991,2.11,snow,1,winter
2013-01-11,0.0,2.8,-2.7999999999999994,1.92,drizzle,1,winter
2013-01-12,0.0,2.8,-3.9,2.04,sun,1,winter
2013-01-13,0.0,2.2,-4.400000000000001,1.53,sun,1,winter
2013-01-14,0.0,3.3,-2.2000000000000006,1.33,sun,1,winter
2013-01-15,0.0,,-0.5999999999999991,2.31,sun,1,winter
2013-01-16,0.0,6.1,-3.9,1.81,drizzle,1,winter
2013-01-17,0.0,3.9,-2.7999999999999994,1.03,drizzle,1,winter
2013-01-18,0.0,3.3,-1.1000000000000003,1.31,drizzle,1,winter
2013-01-19,0.0,1.1,-0.5999999999999991,1.93,drizzle,1,winter
2013-01-20,0.0,3.3,-0.5999999999999991,2.1,drizzle,1,winter
2013-01-21,0.0,2.2,-1.6999999999999993,1.11,drizzle,1,winter
2013-01-22,0.0,3.3,-1.6999999999999993,0.62,drizzle,1,winter
2013-01-23,5.1,,2.2000000000000006,3.12,rain,1,winter
2013-01-24,5.8,,1.0999999999999983,2.63,rain,1,winter
2013-01-25,3.0,10.6,2.7999999999999994,2.13,rain,1,winter
2013-01-26,2.3,8.3,3.8999999999999977,4.5,rain,1,winter
2013-01-27,1.8,,3.8999999999999977,4.52,rain,1,winter
2013-01-28,,6.1,3.2999999999999985,3.22,rain,1,winter
2013-01-29,4.3,8.3,5.0,3.9,rain,1,winter
2013-01-30,3.6,,6.700000000000001,3.91,rain,1,winter
2013-01-31,3.0,9.4,7.2,4.02,rain,1,winter
2013-02-01,0.3,11.7,5.0,2.92,rain,2,winter
2013-02-02,0.0,6.1,2.7999999999999994,2.03,drizzle,2,winter
2013-02-03,2.3,8.9,2.7999999999999994,2.93,rain,2,winter
2013-02-04,0.0,10.6,6.700000000000001,2.61,rain,2,winter
2013-02-05,3.3,10.0,6.700000000000001,5.11,rain,2,winter
2013-02-06,1.0,10.6,6.100000000000002,4.51,rain,2,winter
2013-02-07,1.3,9.4,3.2999999999999985,4.13,rain,2,winter
2013-02-08,0.0,7.8,2.2000000000000006,1.32,sun,2,winter
2013-02-09,0.3,8.3,4.400000000000001,1.3,rain,2,winter
2013-02-10,0.0,8.9,1.7000000000000013,2.02,drizzle,2,winter
2013-02-11,,,4.400000000000001,1.41,rain,2,winter
2013-02-12,1.0,,7.2,5.64,rain,2,winter
2013-02-13,2.3,9.4,7.2,4.1,rain,2,winter
2013-02-14,1.0,9.4,5.599999999999999,2.22,rain,2,winter
2013-02-15,0.0,,5.0,2.43,drizzle,2,winter
2013-02-16,0.0,11.1,3.8999999999999977,5.63,rain,2,winter
2013-02-17,0.0,9.4,4.400000000000001,3.42,rain,2,winter
2013-02-18,0.0,7.8,3.8999999999999977,1.92,rain,2,winter
2013-02-19,0.0,10.6,1.7000000000000013,3.44,sun,2,winter
2013-02-20,1.5,,1.0999999999999983,2.1,rain,2,winter
2013-02-21,0.5,6.7,3.8999999999999977,6.2,rain,2,winter
2013-02-22,9.4,,3.8999999999999977,8.12,rain,2,winter
2013-02-23,0.3,10.0,3.8999999999999977,4.64,rain,2,winter
2013-02-24,0.0,8.9,5.0,5.51,rain,2,winter
2013-02-25,2.3,10.6,3.2999999999999985,7.12,rain,2,winter
2013-02-26,0.5,8.9,3.8999999999999977,3.81,rain,2,winter
2013-02-27,4.6,10.0,4.400000000000001,1.82,rain,2,winter
2013-02-28,8.1,11.7,6.700000000000001,3.83,rain,2,winter
2013-03-01,4.1,15.0,11.1,5.41,rain,3,spring
2013-03-02,0.8,13.9,5.0,4.5,rain,3,spring
2013-03-03,0.0,11.1,2.2000000000000006,2.83,sun,3,spring
2013-03-04,0.0,13.3,0.0,3.92,sun,3,spring
2013-03-05,,9.4,6.100000000000002,2.42,rain,3,spring
2013-03-06,11.9,,5.0,4.1,rain,3,spring
2013-03-07,7.4,,5.0,2.52,rain,3,spring
2013-03-08,,11.7,2.2000000000000006,2.6,drizzle,3,spring
2013-03-09,0.0,,1.0999999999999983,1.31,fog,3,spring
2013-03-10,0.8,7.8,3.8999999999999977,1.63,rain,3,spring
2013-03-11,1.3,,6.100000000000002,1.11,rain,3,spring
2013-03-12,2.0,,10.0,5.72,rain,3,spring
2013-03-13,2.3,,9.4,3.7,rain,3,spring
2013-03-14,2.8,,9.4,3.02,rain,3,spring
2013-03-15,0.0,14.4,8.899999999999997,4.31,rain,3,spring
2013-03-16,,10.6,4.400000000000001,6.43,rain,3,spring
2013-03-17,0.0,8.9,3.8999999999999977,6.13,sun,3,spring
2013-03-18,0.0,11.7,3.8999999999999977,5.92,rain,3,spring
2013-03-19,11.7,12.8,1.7000000000000013,3.4,rain,3,spring
2013-03-20,9.9,11.1,4.400000000000001,7.62,rain,3,spring
2013-03-21,8.1,,2.2000000000000006,4.93,snow,3,spring
2013-03-22,0.0,9.4,0.5999999999999991,2.22,sun,3,spring
2013-03-23,,10.0,1.0999999999999983,2.63,sun,3,spring
2013-03-24,0.0,12.2,0.5999999999999991,2.12,sun,3,spring
2013-03-25,,,4.400000000000001,2.82,sun,3,spring
2013-03-26,0.0,16.7,6.100000000000002,1.72,sun,3,spring
2013-03-27,,,7.2,1.63,rain,3,spring
2013-03-28,2.0,16.1,8.299999999999999,1.33,rain,3,spring
2013-03-29,0.0,18.3,7.799999999999999,2.51,rain,3,spring
2013-03-30,0.0,20.0,5.599999999999999,4.42,drizzle,3,spring
2013-03-31,0.0,,6.700000000000001,2.93,sun,3,spring
2013-04-01,0.0,,8.299999999999999,3.61,sun,4,spring
2013-04-02,,13.9,8.899999999999997,2.24,sun,4,spring
2013-04-03,0.0,16.7,7.799999999999999,1.61,sun,4,spring
2013-04-04,8.4,14.4,10.0,3.01,fog,4,spring
2013-04-05,18.5,,10.0,5.61,fog,4,spring
2013-04-06,12.7,12.2,7.2,5.02,fog,4,spring
2013-04-07,39.1,8.3,5.0,3.91,fog,4,spring
2013-04-08,0.8,13.3,6.100000000000002,3.11,fog,4,spring
2013-04-09,0.0,12.2,6.100000000000002,2.4,sun,4,spring
2013-04-10,9.4,15.0,8.899999999999997,6.42,sun,4,spring
2013-04-11,,,6.700000000000001,3.84,fog,4,spring
2013-04-12,9.7,7.8,4.400000000000001,4.62,fog,4,spring
2013-04-13,9.4,,3.2999999999999985,5.72,fog,4,spring
2013-04-14,,12.8,4.400000000000001,2.31,fog,4,spring
2013-04-15,0.0,13.9,4.400000000000001,2.41,fog,4,spring
2013-04-16,0.3,,3.2999999999999985,2.62,sun,4,spring
2013-04-17,0.0,15.0,3.8999999999999977,3.32,drizzle,4,spring
2013-04-18,5.3,11.7,6.700000000000001,4.02,fog,4,spring
2013-04-19,20.6,13.3,9.4,4.91,fog,4,spring
2013-04-20,0.0,13.9,8.299999999999999,5.82,sun,4,spring
2013-04-21,,12.2,6.700000000000001,4.11,sun,4,spring
2013-04-22,0.0,16.1,5.0,4.33,sun,4,spring
2013-04-23,0.0,17.8,3.8999999999999977,2.82,sun,4,spring
2013-04-24,0.0,21.1,6.100000000000002,3.0,sun,4,spring
2013-04-25,0.0,21.7,6.700000000000001,1.13,sun,4,spring
2013-04-26,0.0,,8.299999999999999,2.21,fog,4,spring
2013-04-27,0.0,13.9,10.6,5.91,sun,4,spring
2013-04-28,1.0,15.0,9.4,5.21,drizzle,4,spring
2013-04-29,3.8,,6.700000000000001,4.21,fog,4,spring
2013-04-30,0.0,12.8,4.400000000000001,2.41,sun,4,spring
2013-05-01,0.0,18.3,3.2999999999999985,3.12,sun,5,spring
2013-05-02,0.0,,6.700000000000001,4.03,sun,5,spring
2013-05-03,0.0,,9.4,4.91,sun,5,spring
2013-05-04,0.0,25.0,11.1,6.51,sun,5,spring
2013-05-05,0.0,,11.7,5.31,sun,5,spring
2013-05-06,0.0,30.6,12.2,2.04,sun,5,spring
2013-05-07,0.0,20.6,11.1,3.34,sun,5,spring
2013-05-08,0.0,,11.1,1.91,sun,5,spring
2013-05-09,0.0,22.8,10.0,1.3,sun,5,spring
2013-05-10,0.0,26.1,9.4,1.0,sun,5,spring
2013-05-11,0.0,27.2,12.2,2.61,sun,5,spring
2013-05-12,6.6,,13.899999999999997,3.92,fog,5,spring
2013-05-13,3.3,18.9,9.4,5.04,sun,5,spring
2013-05-14,0.0,18.3,7.799999999999999,2.41,sun,5,spring
2013-05-15,1.0,,8.899999999999997,2.31,fog,5,spring
2013-05-16,,21.7,12.2,2.72,fog,5,spring
2013-05-17,0.5,17.2,11.7,3.71,sun,5,spring
2013-05-18,0.0,16.7,11.1,2.9,sun,5,spring
2013-05-19,0.0,,10.6,2.34,sun,5,spring
2013-05-20,0.0,,9.4,1.81,sun,5,spring
2013-05-21,13.7,15.6,8.299999999999999,4.83,fog,5,spring
2013-05-22,13.7,,7.2,3.03,fog,5,spring
2013-05-23,4.1,,6.700000000000001,1.93,fog,5,spring
2013-05-24,0.3,,8.899999999999997,2.72,sun,5,spring
2013-05-25,0.0,17.8,10.0,2.72,sun,5,spring
2013-05-26,1.5,,10.6,2.21,fog,5,spring
2013-05-27,9.7,16.7,11.1,3.13,fog,5,spring
2013-05-28,0.5,17.2,11.7,2.84,fog,5,spring
2013-05-29,5.6,,9.4,4.01,fog,5,spring
2013-05-30,0.0,16.7,9.4,5.32,sun,5,spring
2013-05-31,0.0,19.4,11.1,2.53,sun,5,spring
2013-06-01,0.0,22.8,12.2,2.5,sun,6,summer
2013-06-02,1.0,20.6,12.2,3.13,sun,6,summer
2013-06-03,0.0,22.2,11.1,2.92,sun,6,summer
2013-06-04,0.0,26.1,12.2,3.43,sun,6,summer
2013-06-05,0.0,26.7,14.4,3.13,sun,6,summer
2013-06-06,0.0,26.7,12.2,2.54,sun,6,summer
2013-06-07,0.0,21.7,13.3,3.21,sun,6,summer
2013-06-08,0.0,20.6,12.800000000000002,3.1,sun,6,summer
2013-06-09,0.0,20.6,11.1,3.71,sun,6,summer
2013-06-10,0.0,21.7,11.7,3.23,sun,6,summer
2013-06-11,0.0,20.0,10.0,5.72,sun,6,summer
2013-06-12,0.3,20.6,11.7,4.23,sun,6,summer
2013-06-13,0.0,21.1,11.7,2.62,sun,6,summer
2013-06-14,0.0,20.0,12.2,3.71,sun,6,summer
2013-06-15,0.0,25.6,10.0,2.92,sun,6,summer
2013-06-16,0.0,23.9,12.800000000000002,3.43,sun,6,summer
2013-06-17,0.0,25.6,13.899999999999997,3.01,sun,6,summer
2013-06-18,0.3,,13.3,3.43,fog,6,summer
2013-06-19,0.0,20.0,12.800000000000002,3.72,sun,6,summer
2013-06-20,3.0,,12.800000000000002,5.02,sun,6,summer
2013-06-21,0.3,20.6,12.2,1.53,sun,6,summer
2013-06-22,0.0,,11.7,1.72,sun,6,summer
2013-06-23,7.9,,15.0,2.12,fog,6,summer
2013-06-24,4.8,,13.899999999999997,3.7,fog,6,summer
2013-06-25,,,14.4,2.83,sun,6,summer
2013-06-26,2.0,,15.0,2.3,fog,6,summer
2013-06-27,3.6,,16.7,1.31,fog,6,summer
2013-06-28,0.0,30.6,16.1,2.23,sun,6,summer
2013-06-29,0.0,30.0,18.3,1.72,sun,6,summer
2013-06-30,,,17.2,2.51,sun,6,summer
2013-07-01,0.0,31.7,18.3,2.31,sun,7,summer
2013-07-02,,28.3,15.599999999999998,3.04,sun,7,summer
2013-07-03,0.0,26.1,16.7,3.22,sun,7,summer
2013-07-04,0.0,21.7,13.899999999999997,2.22,fog,7,summer
2013-07-05,0.0,23.3,13.899999999999997,2.6,sun,7,summer
2013-07-06,,26.1,13.3,2.23,sun,7,summer
2013-07-07,0.0,23.9,13.899999999999997,2.91,sun,7,summer
2013-07-08,0.0,26.7,13.3,2.82,sun,7,summer
2013-07-09,0.0,30.0,15.0,2.53,sun,7,summer
2013-07-10,0.0,22.2,13.899999999999997,2.61,sun,7,summer
2013-07-11,0.0,,12.2,3.02,sun,7,summer
2013-07-12,0.0,19.4,13.3,2.21,sun,7,summer
2013-07-13,0.0,26.1,11.1,3.11,sun,7,summer
2013-07-14,0.0,27.8,12.800000000000002,3.01,sun,7,summer
2013-07-15,0.0,27.8,14.4,4.61,sun,7,summer
2013-07-16,0.0,31.1,18.3,4.11,sun,7,summer
2013-07-17,,22.2,15.0,3.7,rain,7,summer
2013-07-18,0.0,26.1,13.899999999999997,2.01,sun,7,summer
2013-07-19,0.0,27.8,13.3,1.93,sun,7,summer
2013-07-20,0.0,,13.3,2.02,sun,7,summer
2013-07-21,0.0,23.9,12.800000000000002,2.32,sun,7,summer
2013-07-22,0.0,26.1,13.3,2.41,fog,7,summer
2013-07-23,,31.1,13.899999999999997,3.04,sun,7,summer
2013-07-24,0.0,,14.4,2.53,sun,7,summer
2013-07-25,0.0,,12.800000000000002,2.31,sun,7,summer
2013-07-26,0.0,31.1,14.4,2.93,sun,7,summer
2013-07-27,0.0,25.6,12.800000000000002,2.63,sun,7,summer
2013-07-28,0.0,21.1,12.2,3.42,fog,7,summer
2013-07-29,0.0,25.0,13.3,1.4,sun,7,summer
2013-07-30,0.0,25.0,13.3,2.82,sun,7,summer
2013-07-31,0.0,,13.3,1.8,sun,7,summer
2013-08-01,0.0,20.6,13.3,3.91,sun,8,summer
2013-08-02,2.0,17.2,15.0,2.03,sun,8,summer
2013-08-03,0.0,25.0,15.599999999999998,2.41,fog,8,summer
2013-08-04,0.0,28.9,15.0,3.42,sun,8,summer
2013-08-05,0.0,30.0,15.0,2.11,sun,8,summer
2013-08-06,0.0,,13.899999999999997,1.41,sun,8,summer
2013-08-07,0.0,,13.899999999999997,1.93,sun,8,summer
2013-08-08,0.0,28.3,14.4,2.54,sun,8,summer
2013-08-09,0.0,28.3,14.4,2.1,rain,8,summer
2013-08-10,2.3,25.6,15.0,2.93,sun,8,summer
2013-08-11,0.0,25.0,14.4,2.9,sun,8,summer
2013-08-12,0.0,25.6,16.1,1.91,sun,8,summer
2013-08-13,0.0,27.8,15.0,1.81,sun,8,summer
2013-08-14,0.8,27.2,15.0,2.0,sun,8,summer
2013-08-15,,21.1,17.2,1.0,sun,8,summer
2013-08-16,0.0,28.9,16.1,2.21,fog,8,summer
2013-08-17,0.0,25.6,17.2,3.03,sun,8,summer
2013-08-18,0.0,26.1,15.599999999999998,3.11,sun,8,summer
2013-08-19,0.0,26.7,15.599999999999998,3.04,sun,8,summer
2013-08-20,0.0,25.6,16.1,4.62,sun,8,summer
2013-08-21,0.0,27.8,15.0,4.32,sun,8,summer
2013-08-22,0.0,28.9,15.0,1.91,sun,8,summer
2013-08-23,,25.0,16.1,4.11,sun,8,summer
2013-08-24,0.0,,16.7,2.72,sun,8,summer
2013-08-25,0.3,22.2,16.1,2.61,sun,8,summer
2013-08-26,1.0,24.4,16.1,1.9,sun,8,summer
2013-08-27,1.3,26.7,17.2,1.44,sun,8,summer
2013-08-28,5.6,26.7,15.599999999999998,1.33,fog,8,summer
2013-08-29,19.3,23.9,18.3,3.04,sun,8,summer
2013-08-30,0.0,,16.1,2.9,sun,8,summer
2013-08-31,0.0,27.8,13.899999999999997,2.62,sun,8,summer
2013-09-01,0.0,27.8,15.599999999999998,2.5,sun,9,autumn
2013-09-02,0.0,27.8,17.2,2.13,sun,9,autumn
2013-09-03,2.3,,16.7,1.74,fog,9,autumn
2013-09-04,0.3,22.8,16.1,2.41,fog,9,autumn
2013-09-05,27.7,,15.599999999999998,2.5,sun,9,autumn
2013-09-06,21.3,,16.1,2.63,fog,9,autumn
2013-09-07,0.0,23.3,17.2,2.02,sun,9,autumn
2013-09-08,0.0,26.7,14.4,1.53,fog,9,autumn
2013-09-09,0.0,26.1,13.899999999999997,2.1,sun,9,autumn
2013-09-10,0.0,26.7,15.0,3.73,sun,9,autumn
2013-09-11,0.0,,16.1,2.42,sun,9,autumn
2013-09-12,0.0,25.6,15.0,1.74,sun,9,autumn
2013-09-13,0.0,18.9,15.599999999999998,2.0,sun,9,autumn
2013-09-14,0.0,21.7,15.599999999999998,1.43,fog,9,autumn
2013-09-15,3.3,18.9,14.4,2.22,sun,9,autumn
2013-09-16,0.3,21.7,15.0,4.31,fog,9,autumn
2013-09-17,0.0,,13.899999999999997,2.31,sun,9,autumn
2013-09-18,0.0,21.1,13.3,2.5,sun,9,autumn
2013-09-19,0.0,25.6,10.0,1.52,sun,9,autumn
2013-09-20,3.6,23.3,13.3,3.01,fog,9,autumn
2013-09-21,0.0,,13.3,2.53,sun,9,autumn
2013-09-22,13.5,17.2,13.3,5.52,fog,9,autumn
2013-09-23,2.8,,11.1,4.54,fog,9,autumn
2013-09-24,0.0,17.8,10.0,2.62,sun,9,autumn
2013-09-25,2.0,16.1,9.4,3.02,fog,9,autumn
2013-09-26,0.0,17.2,7.2,2.2,sun,9,autumn
2013-09-27,1.0,13.9,10.6,4.34,fog,9,autumn
2013-09-28,43.4,16.7,11.7,6.03,fog,9,autumn
2013-09-29,16.8,14.4,11.1,7.12,sun,9,autumn
2013-09-30,18.5,,10.0,6.3,fog,9,autumn
2013-10-01,7.9,14.4,8.899999999999997,4.71,fog,10,autumn
2013-10-02,5.3,12.8,9.4,2.44,fog,10,autumn
2013-10-03,0.8,14.4,8.899999999999997,0.91,fog,10,autumn
2013-10-04,0.0,,5.599999999999999,1.12,sun,10,autumn
2013-10-05,0.0,,8.299999999999999,1.6,sun,10,autumn
2013-10-06,4.1,,7.799999999999999,2.63,fog,10,autumn
2013-10-07,0.5,16.1,11.7,6.32,fog,10,autumn
2013-10-08,,13.9,7.799999999999999,3.03,rain,10,autumn
2013-10-09,0.0,,5.599999999999999,1.64,sun,10,autumn
2013-10-10,1.0,14.4,8.299999999999999,1.71,fog,10,autumn
2013-10-11,9.1,13.9,10.6,1.02,sun,10,autumn
2013-10-12,1.0,14.4,8.899999999999997,2.21,fog,10,autumn
2013-10-13,0.0,15.0,6.700000000000001,1.81,fog,10,autumn
2013-10-14,0.0,15.6,3.8999999999999977,1.62,sun,10,autumn
2013-10-15,0.0,15.6,5.0,0.94,sun,10,autumn
2013-10-16,0.0,12.8,8.899999999999997,2.71,fog,10,autumn
2013-10-17,0.0,14.4,8.899999999999997,1.73,fog,10,autumn
2013-10-18,0.0,12.8,7.2,1.23,sun,10,autumn
2013-10-19,0.0,10.6,7.799999999999999,1.42,sun,10,autumn
2013-10-20,0.0,10.6,7.799999999999999,2.44,sun,10,autumn
2013-10-21,0.0,11.7,8.299999999999999,2.51,sun,10,autumn
2013-10-22,0.0,14.4,7.2,1.93,sun,10,autumn
2013-10-23,0.0,12.8,6.100000000000002,0.43,sun,10,autumn
2013-10-24,0.0,10.0,6.100000000000002,0.61,sun,10,autumn
2013-10-25,0.0,,7.799999999999999,1.83,sun,10,autumn
2013-10-26,,11.7,8.299999999999999,2.73,sun,10,autumn
2013-10-27,1.8,13.9,8.299999999999999,4.4,fog,10,autumn
2013-10-28,0.0,14.4,7.2,5.14,sun,10,autumn
2013-10-29,0.0,13.3,3.2999999999999985,2.21,sun,10,autumn
2013-10-30,0.5,15.0,5.599999999999999,3.93,sun,10,autumn
2013-10-31,0.3,14.4,10.6,2.23,fog,10,autumn
2013-11-01,1.3,17.8,11.7,1.43,sun,11,autumn
2013-11-02,12.7,14.4,8.299999999999999,7.93,fog,11,autumn
2013-11-03,0.5,,4.400000000000001,2.41,sun,11,autumn
2013-11-04,0.0,10.6,3.8999999999999977,1.64,drizzle,11,autumn
2013-11-05,2.5,13.3,7.2,3.14,fog,11,autumn
2013-11-06,3.8,12.8,7.799999999999999,1.71,sun,11,autumn
2013-11-07,30.0,,10.0,7.23,fog,11,autumn
2013-11-08,0.0,13.3,7.2,4.13,sun,11,autumn
2013-11-09,1.8,,5.0,1.43,sun,11,autumn
2013-11-10,0.0,11.1,8.299999999999999,4.44,sun,11,autumn
2013-11-11,0.0,,6.100000000000002,2.61,fog,11,autumn
2013-11-12,4.1,15.6,8.899999999999997,2.22,fog,11,autumn
2013-11-13,0.0,13.9,10.6,3.81,sun,11,autumn
2013-11-14,1.3,,6.100000000000002,1.12,fog,11,autumn
2013-11-15,3.0,10.6,7.2,6.01,sun,11,autumn
2013-11-16,0.0,10.0,5.0,4.62,sun,11,autumn
2013-11-17,5.3,11.7,7.2,5.44,fog,11,autumn
2013-11-18,26.2,12.8,9.4,3.92,fog,11,autumn
2013-11-19,1.0,13.3,4.400000000000001,5.1,fog,11,autumn
2013-11-20,,7.8,1.7000000000000013,4.34,sun,11,autumn
2013-11-21,0.0,7.8,-0.4999999999999992,3.61,sun,11,autumn
2013-11-22,0.0,9.4,0.0,4.61,sun,11,autumn
2013-11-23,0.0,,1.0999999999999983,2.62,sun,11,autumn
2013-11-24,0.0,11.7,0.5999999999999991,0.92,fog,11,autumn
2013-11-25,0.0,,2.2000000000000006,0.5,sun,11,autumn
2013-11-26,0.0,12.2,2.7999999999999994,1.04,sun,11,autumn
2013-11-27,,,5.599999999999999,1.32,sun,11,autumn
2013-11-28,0.0,11.7,3.2999999999999985,0.72,sun,11,autumn
2013-11-29,0.5,9.4,5.0,2.11,fog,11,autumn
2013-11-30,2.3,11.1,7.2,3.92,fog,11,autumn
2013-12-01,3.0,13.3,7.799999999999999,8.8,fog,12,winter
2013-12-02,4.6,7.8,1.7000000000000013,3.54,sun,12,winter
2013-12-03,0.0,,-0.4999999999999992,5.64,sun,12,winter
2013-12-04,0.0,4.4,-2.1000000000000005,1.62,sun,12,winter
2013-12-05,,1.1,-4.9,2.64,sun,12,winter
2013-12-06,0.0,1.1,-4.300000000000001,4.73,sun,12,winter
2013-12-07,0.0,0.0,-7.1000000000000005,3.11,sun,12,winter
2013-12-08,0.0,,-6.6,2.22,sun,12,winter
2013-12-09,0.0,1.1,-4.9,1.33,sun,12,winter
2013-12-10,0.0,5.6,0.5999999999999991,1.5,sun,12,winter
2013-12-11,0.0,5.0,-1.5999999999999994,0.82,sun,12,winter
2013-12-12,6.9,5.6,-0.4999999999999992,2.32,sun,12,winter
2013-12-13,0.5,9.4,5.599999999999999,2.92,fog,12,winter
2013-12-14,0.0,9.4,6.100000000000002,3.74,sun,12,winter
2013-12-15,1.3,,8.299999999999999,3.91,fog,12,winter
2013-12-16,0.3,10.0,4.400000000000001,1.01,sun,12,winter
2013-12-17,0.0,,4.400000000000001,2.71,sun,12,winter
2013-12-18,1.3,7.8,2.2000000000000006,2.81,fog,12,winter
2013-12-19,0.0,5.0,0.0,2.11,sun,12,winter
2013-12-20,5.6,,0.5999999999999991,3.73,fog,12,winter
2013-12-21,5.6,8.9,5.599999999999999,2.32,fog,12,winter
2013-12-22,10.7,10.6,8.299999999999999,4.03,fog,12,winter
2013-12-23,1.5,11.7,6.100000000000002,5.93,fog,12,winter
2013-12-24,0.0,8.3,2.7999999999999994,1.72,sun,12,winter
2013-12-25,0.0,,1.7000000000000013,0.82,sun,12,winter
2013-12-26,0.0,,0.5999999999999991,0.54,sun,12,winter
2013-12-27,0.3,8.9,0.0,2.12,fog,12,winter
2013-12-28,,9.4,3.2999999999999985,1.31,sun,12,winter
2013-12-29,0.0,7.2,1.7000000000000013,1.13,sun,12,winter
2013-12-30,0.3,8.9,4.400000000000001,2.63,sun,12,winter
2013-12-31,0.5,8.3,5.0,1.7,sun,12,winter
2014-01-01,0.0,7.2,3.2999999999999985,1.24,sun,1,winter
2014-01-02,4.1,,6.100000000000002,3.21,sun,1,winter
2014-01-03,1.5,8.9,2.7999999999999994,2.64,fog,1,winter
2014-01-04,0.0,7.8,0.5999999999999991,2.74,fog,1,winter
2014-01-05,,8.3,-0.4999999999999992,3.71,sun,1,winter
2014-01-06,0.3,7.8,-0.4999999999999992,2.61,fog,1,winter
2014-01-07,12.2,8.3,5.0,1.62,sun,1,winter
2014-01-08,9.7,10.0,7.2,4.62,fog,1,winter
2014-01-09,5.8,9.4,5.599999999999999,6.32,fog,1,winter
2014-01-10,,12.8,8.299999999999999,7.03,sun,1,winter
2014-01-11,21.3,,7.2,8.84,fog,1,winter
2014-01-12,1.5,11.1,5.599999999999999,8.13,fog,1,winter
2014-01-13,0.0,,10.0,7.11,sun,1,winter
2014-01-14,0.0,11.1,7.2,1.31,sun,1,winter
2014-01-15,0.0,11.1,5.599999999999999,2.51,sun,1,winter
2014-01-16,0.0,,4.400000000000001,2.71,sun,1,winter
2014-01-17,,5.6,2.7999999999999994,2.3,sun,1,winter
2014-01-18,0.0,9.4,0.5999999999999991,2.22,sun,1,winter
2014-01-19,0.0,6.1,3.2999999999999985,2.53,sun,1,winter
2014-01-20,0.0,10.0,2.7999999999999994,2.22,sun,1,winter
2014-01-21,0.0,10.0,1.7000000000000013,1.53,sun,1,winter
2014-01-22,0.5,9.4,5.599999999999999,2.61,sun,1,winter
2014-01-23,0.0,10.0,2.7999999999999994,5.23,fog,1,winter
2014-01-24,0.0,12.8,1.0999999999999983,1.94,sun,1,winter
2014-01-25,0.0,12.2,1.0999999999999983,0.81,sun,1,winter
2014-01-26,0.0,,0.5999999999999991,1.33,sun,1,winter
2014-01-27,0.0,9.4,1.7000000000000013,1.31,sun,1,winter
2014-01-28,,11.1,6.100000000000002,1.62,fog,1,winter
2014-01-29,21.6,11.1,7.2,3.41,fog,1,winter
2014-01-30,0.0,8.3,6.100000000000002,6.41,sun,1,winter
2014-01-31,2.3,7.8,5.599999999999999,2.6,fog,1,winter
2014-02-01,2.0,7.8,2.7999999999999994,0.81,sun,2,winter
2014-02-02,0.0,8.9,1.0999999999999983,2.52,sun,2,winter
2014-02-03,0.0,,0.0,4.31,sun,2,winter
2014-02-04,0.0,,-2.1000000000000005,4.74,sun,2,winter
2014-02-05,0.0,-0.5,-5.499999999999999,6.6,sun,2,winter
2014-02-06,0.0,-1.6,-6.0,4.51,sun,2,winter
2014-02-07,0.0,3.3,-4.9,4.23,sun,2,winter
2014-02-08,5.1,5.6,-0.4999999999999992,4.63,fog,2,winter
2014-02-09,0.5,3.9,0.0,2.41,fog,2,winter
2014-02-10,18.3,10.0,2.2000000000000006,4.73,fog,2,winter
2014-02-11,17.0,12.2,5.599999999999999,3.83,fog,2,winter
2014-02-12,4.6,12.2,7.2,6.44,fog,2,winter
2014-02-13,1.8,12.8,7.799999999999999,6.31,fog,2,winter
2014-02-14,,11.7,6.100000000000002,6.42,fog,2,winter
2014-02-15,11.7,,5.0,5.12,fog,2,winter
2014-02-16,,9.4,3.8999999999999977,7.93,fog,2,winter
2014-02-17,,8.3,4.400000000000001,5.51,fog,2,winter
2014-02-18,15.2,8.9,5.0,6.24,fog,2,winter
2014-02-19,1.0,8.3,3.8999999999999977,6.01,sun,2,winter
2014-02-20,3.0,,5.599999999999999,6.93,fog,2,winter
2014-02-21,2.8,6.7,3.8999999999999977,2.92,fog,2,winter
2014-02-22,2.5,,2.7999999999999994,3.13,fog,2,winter
2014-02-23,6.1,7.2,3.8999999999999977,2.63,fog,2,winter
2014-02-24,13.0,6.7,3.2999999999999985,3.21,fog,2,winter
2014-02-25,0.3,12.2,3.8999999999999977,4.51,fog,2,winter
2014-02-26,0.0,13.9,5.599999999999999,2.52,sun,2,winter
2014-02-27,0.0,,4.400000000000001,2.34,sun,2,winter
2014-02-28,0.0,14.4,4.400000000000001,5.94,sun,2,winter
2014-03-01,0.5,7.2,4.400000000000001,4.73,sun,3,spring
2014-03-02,19.1,11.1,2.7999999999999994,5.72,fog,3,spring
2014-03-03,10.7,14.4,8.899999999999997,5.11,fog,3,spring
2014-03-04,16.5,13.9,7.799999999999999,3.93,fog,3,spring
2014-03-05,46.7,15.6,10.6,3.91,fog,3,spring
2014-03-06,3.0,13.3,10.0,6.22,fog,3,spring
2014-03-07,0.0,15.6,8.899999999999997,4.22,sun,3,spring
2014-03-08,32.3,12.8,6.700000000000001,2.73,fog,3,spring
2014-03-09,4.3,15.0,9.4,4.31,fog,3,spring
2014-03-10,18.8,,6.100000000000002,2.24,fog,3,spring
2014-03-11,0.0,14.4,4.400000000000001,2.32,fog,3,spring
2014-03-12,0.0,16.1,3.2999999999999985,1.93,fog,3,spring
2014-03-13,0.5,13.9,5.0,2.51,fog,3,spring
2014-03-14,6.9,14.4,8.299999999999999,6.12,fog,3,spring
2014-03-15,8.1,16.7,4.400000000000001,3.01,fog,3,spring
2014-03-16,27.7,10.6,4.400000000000001,3.84,fog,3,spring
2014-03-17,0.3,10.0,2.7999999999999994,3.22,fog,3,spring
2014-03-18,0.0,10.0,3.2999999999999985,1.62,sun,3,spring
2014-03-19,0.5,11.1,3.2999999999999985,5.14,sun,3,spring
2014-03-20,0.0,11.1,1.7000000000000013,3.03,sun,3,spring
2014-03-21,0.0,,2.7999999999999994,3.83,sun,3,spring
2014-03-22,0.0,11.1,1.0999999999999983,1.83,sun,3,spring
2014-03-23,0.0,12.8,4.400000000000001,3.33,sun,3,spring
2014-03-24,0.0,18.9,2.7999999999999994,2.23,sun,3,spring
2014-03-25,4.1,13.9,6.700000000000001,4.44,fog,3,spring
2014-03-26,3.6,11.1,5.599999999999999,2.41,fog,3,spring
2014-03-27,0.3,,6.700000000000001,2.83,fog,3,spring
2014-03-28,22.1,,7.2,3.92,fog,3,spring
2014-03-29,14.0,,7.2,5.11,fog,3,spring
2014-03-30,0.0,11.1,5.0,5.12,sun,3,spring
2014-03-31,0.0,15.6,2.2000000000000006,3.81,sun,3,spring
2014-04-01,,,6.700000000000001,2.81,sun,4,spring
2014-04-02,0.0,14.4,5.599999999999999,4.24,sun,4,spring
2014-04-03,2.5,13.3,6.100000000000002,3.91,sun,4,spring
2014-04-04,0.0,,6.100000000000002,4.74,sun,4,spring
2014-04-05,4.6,11.7,7.799999999999999,4.34,fog,4,spring
2014-04-06,0.0,,8.299999999999999,2.6,sun,4,spring
2014-04-07,0.0,21.1,9.4,2.51,sun,4,spring
2014-04-08,4.6,15.6,8.299999999999999,4.22,fog,4,spring
2014-04-09,0.0,14.4,6.700000000000001,2.92,sun,4,spring
2014-04-10,0.0,15.0,6.700000000000001,3.61,sun,4,spring
2014-04-11,0.0,17.2,5.0,2.82,sun,4,spring
2014-04-12,0.0,,7.799999999999999,4.44,sun,4,spring
2014-04-13,0.0,,5.599999999999999,3.14,sun,4,spring
2014-04-14,0.0,20.0,5.599999999999999,2.63,sun,4,spring
2014-04-15,0.5,14.4,7.799999999999999,4.01,sun,4,spring
2014-04-16,10.9,11.1,8.899999999999997,4.62,fog,4,spring
2014-04-17,18.5,11.7,7.2,4.71,fog,4,spring
2014-04-18,0.0,14.4,5.599999999999999,3.8,sun,4,spring
2014-04-19,13.7,11.7,5.599999999999999,4.74,fog,4,spring
2014-04-20,0.0,15.6,5.599999999999999,2.71,sun,4,spring
2014-04-21,5.1,,7.799999999999999,2.53,fog,4,spring
2014-04-22,14.2,12.2,5.0,4.22,fog,4,spring
2014-04-23,8.9,,6.100000000000002,5.02,fog,4,spring
2014-04-24,12.4,,6.100000000000002,5.32,fog,4,spring
2014-04-25,0.0,14.4,5.599999999999999,2.33,sun,4,spring
2014-04-26,3.3,15.0,5.599999999999999,3.93,sun,4,spring
2014-04-27,6.9,11.1,6.100000000000002,5.83,fog,4,spring
2014-04-28,0.0,16.1,4.400000000000001,2.63,sun,4,spring
2014-04-29,0.0,25.0,9.4,2.32,sun,4,spring
2014-04-30,0.0,27.8,9.4,3.94,sun,4,spring
2014-05-01,0.0,29.4,11.1,3.02,sun,5,spring
2014-05-02,0.0,18.3,10.6,4.7,sun,5,spring
2014-05-03,33.3,15.0,8.899999999999997,3.43,fog,5,spring
2014-05-04,16.0,14.4,8.899999999999997,4.21,fog,5,spring
2014-05-05,5.1,15.6,9.4,3.81,fog,5,spring
2014-05-06,0.0,16.7,8.299999999999999,2.61,sun,5,spring
2014-05-07,0.0,18.3,7.2,1.73,sun,5,spring
2014-05-08,13.7,,9.4,3.43,fog,5,spring
2014-05-09,,13.3,7.2,5.63,sun,5,spring
2014-05-10,0.5,15.6,7.2,2.12,fog,5,spring
2014-05-11,0.0,18.9,8.299999999999999,1.71,sun,5,spring
2014-05-12,0.0,24.4,9.4,2.71,sun,5,spring
2014-05-13,0.0,26.7,12.800000000000002,3.83,sun,5,spring
2014-05-14,,,13.3,3.31,sun,5,spring
2014-05-15,,26.7,12.800000000000002,3.02,sun,5,spring
2014-05-16,0.0,,11.7,4.11,sun,5,spring
2014-05-17,0.0,,11.7,3.21,sun,5,spring
2014-05-18,0.0,20.0,10.6,3.22,sun,5,spring
2014-05-19,0.0,21.1,10.0,2.2,sun,5,spring
2014-05-20,0.0,22.2,10.0,2.72,sun,5,spring
2014-05-21,0.0,20.0,10.6,1.71,sun,5,spring
2014-05-22,0.0,24.4,11.7,2.52,sun,5,spring
2014-05-23,3.8,20.0,12.800000000000002,4.01,fog,5,spring
2014-05-24,0.0,18.3,11.1,2.41,sun,5,spring
2014-05-25,5.6,,10.6,1.43,fog,5,spring
2014-05-26,0.0,18.3,11.1,4.54,sun,5,spring
2014-05-27,0.0,,10.0,2.52,sun,5,spring
2014-05-28,0.0,18.9,10.0,3.43,sun,5,spring
2014-05-29,0.0,18.9,11.1,4.33,sun,5,spring
2014-05-30,0.0,,8.899999999999997,4.54,sun,5,spring
2014-05-31,0.0,23.3,10.0,2.22,sun,5,spring
2014-06-01,0.0,,10.6,2.33,sun,6,summer
2014-06-02,0.0,23.3,11.1,2.42,sun,6,summer
2014-06-03,0.0,18.3,11.1,3.24,sun,6,summer
2014-06-04,0.0,19.4,10.0,2.61,sun,6,summer
2014-06-05,0.0,22.2,10.0,2.44,sun,6,summer
2014-06-06,0.0,25.0,10.6,3.21,sun,6,summer
2014-06-07,0.0,24.4,13.3,3.11,sun,6,summer
2014-06-08,0.0,,12.2,2.12,sun,6,summer
2014-06-09,0.0,,13.3,3.62,sun,6,summer
2014-06-10,0.0,20.0,12.2,2.92,sun,6,summer
2014-06-11,0.0,23.9,11.1,2.72,sun,6,summer
2014-06-12,1.8,21.7,12.2,4.01,sun,6,summer
2014-06-13,6.4,15.6,11.1,5.0,fog,6,summer
2014-06-14,0.0,17.8,11.7,3.22,sun,6,summer
2014-06-15,0.5,18.3,10.0,3.61,fog,6,summer
2014-06-16,3.6,,8.899999999999997,2.41,fog,6,summer
2014-06-17,1.3,17.8,10.0,3.03,fog,6,summer
2014-06-18,0.0,18.9,11.1,2.72,sun,6,summer
2014-06-19,0.8,25.6,11.7,3.73,sun,6,summer
2014-06-20,0.3,20.0,10.0,3.44,sun,6,summer
2014-06-21,0.0,22.2,10.6,3.64,sun,6,summer
2014-06-22,0.0,25.0,11.1,2.7,sun,6,summer
2014-06-23,0.0,,13.3,2.53,sun,6,summer
2014-06-24,0.0,24.4,14.4,2.51,sun,6,summer
2014-06-25,0.0,26.1,13.899999999999997,2.42,sun,6,summer
2014-06-26,0.0,,14.4,4.13,sun,6,summer
2014-06-27,1.8,21.1,13.899999999999997,4.53,fog,6,summer
2014-06-28,2.3,20.0,13.3,4.32,fog,6,summer
2014-06-29,0.0,20.6,12.800000000000002,3.22,sun,6,summer
2014-06-30,0.0,25.6,12.800000000000002,4.42,sun,6,summer
2014-07-01,0.0,34.4,15.599999999999998,3.53,sun,7,summer
2014-07-02,0.0,27.2,14.4,3.63,sun,7,summer
2014-07-03,0.0,21.7,13.899999999999997,3.13,sun,7,summer
2014-07-04,0.0,23.9,13.899999999999997,3.62,sun,7,summer
2014-07-05,0.0,24.4,13.3,2.23,fog,7,summer
2014-07-06,0.0,28.9,15.0,3.02,sun,7,summer
2014-07-07,0.0,,17.799999999999994,4.11,fog,7,summer
2014-07-08,,30.0,15.599999999999998,3.51,sun,7,summer
2014-07-09,0.0,26.7,13.899999999999997,2.34,sun,7,summer
2014-07-10,0.0,28.9,12.800000000000002,2.24,fog,7,summer
2014-07-11,0.0,31.1,15.0,2.21,sun,7,summer
2014-07-12,0.0,32.2,16.7,2.23,sun,7,summer
2014-07-13,0.0,,15.0,2.61,rain,7,summer
2014-07-14,0.0,27.8,15.0,2.81,sun,7,summer
2014-07-15,0.0,31.1,13.899999999999997,2.3,sun,7,summer
2014-07-16,0.0,31.1,14.4,2.41,sun,7,summer
2014-07-17,,26.7,13.899999999999997,3.73,sun,7,summer
2014-07-18,0.0,,11.7,2.82,sun,7,summer
2014-07-19,0.0,25.6,15.0,5.43,fog,7,summer
2014-07-20,0.0,,14.4,2.83,sun,7,summer
2014-07-21,0.0,23.9,13.3,2.2,sun,7,summer
2014-07-22,0.3,21.1,13.3,1.11,fog,7,summer
2014-07-23,19.3,18.9,13.3,3.32,sun,7,summer
2014-07-24,0.0,20.6,12.800000000000002,4.72,sun,7,summer
2014-07-25,0.0,,12.2,2.7,sun,7,summer
2014-07-26,0.0,26.1,13.3,3.63,sun,7,summer
2014-07-27,0.0,,15.0,4.12,sun,7,summer
2014-07-28,0.0,,15.0,3.71,sun,7,summer
2014-07-29,,30.0,15.599999999999998,2.81,sun,7,summer
2014-07-30,0.0,29.4,14.4,3.41,sun,7,summer
2014-07-31,0.0,,17.799999999999994,4.11,sun,7,summer
2014-08-01,0.0,28.9,15.0,3.31,sun,8,summer
2014-08-02,0.5,29.4,15.599999999999998,1.71,sun,8,summer
2014-08-03,0.0,31.7,14.4,2.62,sun,8,summer
2014-08-04,,32.8,16.1,2.61,sun,8,summer
2014-08-05,0.0,,13.899999999999997,2.72,sun,8,summer
2014-08-06,0.0,26.1,15.0,2.23,fog,8,summer
2014-08-07,0.0,25.6,13.3,2.43,fog,8,summer
2014-08-08,0.0,25.6,13.3,2.93,sun,8,summer
2014-08-09,0.0,27.2,15.599999999999998,4.13,sun,8,summer
2014-08-10,0.0,30.6,13.899999999999997,3.4,sun,8,summer
2014-08-11,0.5,35.6,17.799999999999994,2.62,rain,8,summer
2014-08-12,12.7,27.2,17.2,3.13,fog,8,summer
2014-08-13,21.6,23.3,15.0,2.73,fog,8,summer
2014-08-14,0.0,,17.2,0.64,sun,8,summer
2014-08-15,1.0,24.4,16.7,1.51,fog,8,summer
2014-08-16,0.0,,15.599999999999998,2.24,sun,8,summer
2014-08-17,0.0,27.8,15.0,2.81,sun,8,summer
2014-08-18,0.0,29.4,15.599999999999998,3.31,sun,8,summer
2014-08-19,0.0,27.2,15.599999999999998,2.4,sun,8,summer
2014-08-20,0.0,21.7,13.899999999999997,3.64,sun,8,summer
2014-08-21,0.0,,11.1,1.73,sun,8,summer
2014-08-22,0.0,23.9,13.3,2.91,sun,8,summer
2014-08-23,0.0,27.8,13.899999999999997,2.03,sun,8,summer
2014-08-24,0.0,25.0,13.3,2.32,sun,8,summer
2014-08-25,0.0,28.9,14.4,2.03,sun,8,summer
2014-08-26,0.0,,15.599999999999998,1.81,sun,8,summer
2014-08-27,0.0,28.9,16.1,1.61,sun,8,summer
2014-08-28,0.0,23.3,14.4,2.31,sun,8,summer
2014-08-29,0.0,22.8,15.0,3.43,sun,8,summer
2014-08-30,8.4,17.8,15.0,2.22,fog,8,summer
2014-08-31,1.3,,13.899999999999997,1.92,fog,8,summer
2014-09-01,0.0,23.3,12.800000000000002,2.51,sun,9,autumn
2014-09-02,3.0,20.0,13.899999999999997,4.33,fog,9,autumn
2014-09-03,0.0,,12.800000000000002,2.72,sun,9,autumn
2014-09-04,0.0,23.9,11.1,3.13,fog,9,autumn
2014-09-05,0.0,27.8,13.899999999999997,6.51,fog,9,autumn
2014-09-06,0.0,32.2,15.0,2.92,sun,9,autumn
2014-09-07,0.0,28.3,13.3,2.12,sun,9,autumn
2014-09-08,0.0,21.1,13.3,2.83,sun,9,autumn
2014-09-09,0.0,21.7,13.3,2.31,sun,9,autumn
2014-09-10,0.0,22.2,12.2,3.92,sun,9,autumn
2014-09-11,0.0,24.4,12.800000000000002,5.31,sun,9,autumn
2014-09-12,0.0,,12.800000000000002,5.93,sun,9,autumn
2014-09-13,0.0,28.3,10.0,4.2,sun,9,autumn
2014-09-14,0.0,30.0,11.7,1.8,sun,9,autumn
2014-09-15,0.0,30.6,12.2,1.22,sun,9,autumn
2014-09-16,0.0,22.2,13.899999999999997,2.83,sun,9,autumn
2014-09-17,0.5,22.8,14.4,2.32,sun,9,autumn
2014-09-18,0.3,19.4,15.0,3.12,fog,9,autumn
2014-09-19,0.0,23.9,16.1,2.8,sun,9,autumn
2014-09-20,0.0,24.4,14.4,4.41,fog,9,autumn
2014-09-21,0.0,,12.800000000000002,3.01,sun,9,autumn
2014-09-22,0.3,,15.0,2.13,fog,9,autumn
2014-09-23,18.3,,14.4,2.53,fog,9,autumn
2014-09-24,20.3,18.9,14.4,2.71,fog,9,autumn
2014-09-25,4.3,21.7,14.4,2.51,fog,9,autumn
2014-09-26,8.9,20.0,13.899999999999997,3.32,fog,9,autumn
2014-09-27,0.0,,11.7,3.24,fog,9,autumn
2014-09-28,0.0,18.9,12.2,2.01,fog,9,autumn
2014-09-29,0.8,16.7,11.1,3.51,fog,9,autumn
2014-09-30,0.0,19.4,12.2,2.63,sun,9,autumn
2014-10-01,0.0,18.3,11.1,2.11,sun,10,autumn
2014-10-02,0.0,19.4,10.0,2.03,sun,10,autumn
2014-10-03,0.0,22.2,8.899999999999997,1.0,sun,10,autumn
2014-10-04,0.0,21.7,12.2,1.23,sun,10,autumn
2014-10-05,0.0,23.9,11.7,1.42,fog,10,autumn
2014-10-06,0.0,25.6,13.3,2.5,fog,10,autumn
2014-10-07,0.0,,13.899999999999997,1.03,fog,10,autumn
2014-10-08,0.0,20.6,12.800000000000002,1.82,fog,10,autumn
2014-10-09,0.0,17.2,11.1,1.03,fog,10,autumn
2014-10-10,0.3,18.3,10.0,3.84,fog,10,autumn
2014-10-11,7.4,18.3,11.7,3.54,rain,10,autumn
2014-10-12,0.0,17.8,11.7,2.12,sun,10,autumn
2014-10-13,7.6,21.1,10.0,3.13,fog,10,autumn
2014-10-14,7.1,16.7,11.7,2.2,fog,10,autumn
2014-10-15,8.6,16.1,11.7,4.73,fog,10,autumn
2014-10-16,0.0,20.6,11.1,3.34,sun,10,autumn
2014-10-17,3.3,16.7,11.7,3.0,fog,10,autumn
2014-10-18,15.0,19.4,13.899999999999997,1.91,fog,10,autumn
2014-10-19,0.0,,12.800000000000002,3.21,sun,10,autumn
2014-10-20,11.7,16.1,12.2,3.11,fog,10,autumn
2014-10-21,1.0,16.1,11.7,4.73,sun,10,autumn
2014-10-22,32.0,,11.7,5.03,fog,10,autumn
2014-10-23,9.4,14.4,8.299999999999999,4.61,sun,10,autumn
2014-10-24,4.1,14.4,8.899999999999997,3.21,sun,10,autumn
2014-10-25,6.1,16.7,8.299999999999999,5.43,fog,10,autumn
2014-10-26,1.5,,7.799999999999999,5.01,fog,10,autumn
2014-10-27,0.8,15.6,6.700000000000001,2.42,sun,10,autumn
2014-10-28,12.7,15.0,9.4,3.94,fog,10,autumn
2014-10-29,0.5,16.7,11.7,3.14,fog,10,autumn
2014-10-30,25.4,15.6,11.1,3.23,fog,10,autumn
2014-10-31,,12.8,8.299999999999999,2.01,fog,10,autumn
2014-11-01,0.0,,7.2,1.22,fog,11,autumn
2014-11-02,1.8,,7.2,2.91,fog,11,autumn
2014-11-03,10.9,13.9,11.1,4.82,fog,11,autumn
2014-11-04,4.1,14.4,10.6,3.34,fog,11,autumn
2014-11-05,4.8,,10.6,2.13,fog,11,autumn
2014-11-06,4.1,,10.6,6.73,fog,11,autumn
2014-11-07,0.0,14.4,7.2,2.34,sun,11,autumn
2014-11-08,0.0,12.8,3.8999999999999977,0.82,fog,11,autumn
2014-11-09,5.1,,7.799999999999999,3.01,fog,11,autumn
2014-11-10,0.0,11.1,5.599999999999999,3.92,sun,11,autumn
2014-11-11,0.0,7.8,1.0999999999999983,7.74,sun,11,autumn
2014-11-12,0.0,6.7,0.0,7.6,sun,11,autumn
2014-11-13,0.0,7.2,0.5999999999999991,4.72,sun,11,autumn
2014-11-14,0.0,7.2,-2.1000000000000005,4.54,sun,11,autumn
2014-11-15,0.0,8.3,-1.5999999999999994,4.22,sun,11,autumn
2014-11-16,0.0,9.4,-2.1000000000000005,4.23,sun,11,autumn
2014-11-17,0.0,10.6,-2.1000000000000005,1.93,sun,11,autumn
2014-11-18,0.0,,-0.4999999999999992,0.92,sun,11,autumn
2014-11-19,0.0,11.1,2.2000000000000006,1.92,sun,11,autumn
2014-11-20,3.6,11.1,5.599999999999999,2.13,fog,11,autumn
2014-11-21,15.2,11.1,8.299999999999999,4.72,fog,11,autumn
2014-11-22,0.5,9.4,6.700000000000001,4.71,sun,11,autumn
2014-11-23,11.9,12.8,5.599999999999999,5.14,fog,11,autumn
2014-11-24,1.3,11.7,4.400000000000001,3.8,fog,11,autumn
2014-11-25,18.3,,9.4,4.54,fog,11,autumn
2014-11-26,0.3,15.0,12.2,3.92,sun,11,autumn
2014-11-27,3.3,14.4,11.7,6.62,fog,11,autumn
2014-11-28,34.3,12.8,3.2999999999999985,5.8,fog,11,autumn
2014-11-29,3.6,4.4,-4.300000000000001,5.32,fog,11,autumn
2014-11-30,0.0,2.8,-4.9,4.42,sun,11,autumn
2014-12-01,0.0,4.4,-3.2000000000000006,2.22,sun,12,winter
2014-12-02,0.0,5.6,-3.2000000000000006,5.71,fog,12,winter
2014-12-03,0.0,10.0,0.0,3.6,sun,12,winter
2014-12-04,0.8,8.3,3.8999999999999977,1.13,fog,12,winter
2014-12-05,3.0,12.8,6.700000000000001,3.14,fog,12,winter
2014-12-06,7.4,,7.799999999999999,3.61,fog,12,winter
2014-12-07,0.0,14.4,6.100000000000002,2.83,sun,12,winter
2014-12-08,9.1,14.4,8.899999999999997,4.21,fog,12,winter
2014-12-09,9.9,16.1,10.6,5.11,fog,12,winter
2014-12-10,13.0,18.9,10.0,6.71,fog,12,winter
2014-12-11,6.9,14.4,8.299999999999999,6.41,fog,12,winter
2014-12-12,0.0,11.1,7.2,3.73,sun,12,winter
2014-12-13,0.0,10.0,3.8999999999999977,1.14,fog,12,winter
2014-12-14,0.0,12.8,1.7000000000000013,3.52,fog,12,winter
2014-12-15,0.0,12.2,6.700000000000001,5.91,sun,12,winter
2014-12-16,0.0,,8.299999999999999,4.03,sun,12,winter
2014-12-17,2.8,8.9,6.100000000000002,1.61,fog,12,winter
2014-12-18,13.0,9.4,6.700000000000001,3.12,fog,12,winter
2014-12-19,3.0,,7.2,4.31,sun,12,winter
2014-12-20,19.6,12.8,6.700000000000001,5.51,fog,12,winter
2014-12-21,0.0,12.8,10.0,5.21,sun,12,winter
2014-12-22,0.0,,6.100000000000002,1.54,sun,12,winter
2014-12-23,20.6,,5.0,3.81,fog,12,winter
2014-12-24,5.3,7.2,3.8999999999999977,1.82,fog,12,winter
2014-12-25,0.0,7.8,2.7999999999999994,2.23,fog,12,winter
2014-12-26,0.0,,1.7000000000000013,1.24,fog,12,winter
2014-12-27,3.3,9.4,4.400000000000001,4.93,fog,12,winter
2014-12-28,4.1,6.7,2.7999999999999994,1.84,fog,12,winter
2014-12-29,,6.1,0.5999999999999991,4.3,fog,12,winter
2014-12-30,0.0,3.3,-2.1000000000000005,3.62,sun,12,winter
2014-12-31,0.0,3.3,-2.7,3.0,sun,12,winter
2015-01-01,0.0,5.6,-3.2000000000000006,1.22,sun,1,winter
2015-01-02,1.5,5.6,0.0,2.33,fog,1,winter
2015-01-03,,,1.7000000000000013,1.71,fog,1,winter
2015-01-04,10.2,,3.2999999999999985,4.53,fog,1,winter
2015-01-05,8.1,12.2,9.4,6.43,fog,1,winter
2015-01-06,0.0,,6.100000000000002,1.31,fog,1,winter
2015-01-07,0.0,7.8,5.599999999999999,1.61,fog,1,winter
2015-01-08,0.0,,1.7000000000000013,2.63,fog,1,winter
2015-01-09,0.3,,3.2999999999999985,0.64,fog,1,winter
2015-01-10,5.8,7.8,6.100000000000002,0.53,fog,1,winter
2015-01-11,1.5,9.4,7.2,1.1,fog,1,winter
2015-01-12,0.0,,4.400000000000001,1.61,fog,1,winter
2015-01-13,0.0,9.4,2.7999999999999994,2.7,fog,1,winter
2015-01-14,0.0,6.1,0.5999999999999991,2.82,fog,1,winter
2015-01-15,9.7,,1.0999999999999983,3.2,fog,1,winter
2015-01-16,0.0,11.7,5.599999999999999,4.52,fog,1,winter
2015-01-17,26.2,,3.2999999999999985,2.82,fog,1,winter
2015-01-18,21.3,13.9,7.2,6.6,rain,1,winter
2015-01-19,0.5,10.0,6.100000000000002,2.82,sun,1,winter
2015-01-20,0.0,10.0,3.2999999999999985,3.01,fog,1,winter
2015-01-21,,7.2,-0.4999999999999992,1.31,fog,1,winter
2015-01-22,0.8,,6.100000000000002,1.34,fog,1,winter
2015-01-23,5.8,12.2,8.299999999999999,2.62,fog,1,winter
2015-01-24,0.5,14.4,11.1,3.31,fog,1,winter
2015-01-25,0.0,17.2,7.2,1.42,fog,1,winter
2015-01-26,0.0,16.1,6.100000000000002,2.23,fog,1,winter
2015-01-27,0.8,11.1,8.299999999999999,2.04,fog,1,winter
2015-01-28,0.0,12.2,5.0,1.81,fog,1,winter
2015-01-29,0.0,12.2,3.2999999999999985,2.93,sun,1,winter
2015-01-30,0.0,,1.0999999999999983,0.82,fog,1,winter
2015-01-31,0.0,7.2,3.2999999999999985,1.92,fog,1,winter
2015-02-01,1.5,,4.400000000000001,2.61,fog,2,winter
2015-02-02,7.4,11.1,5.0,4.03,fog,2,winter
2015-02-03,1.3,,5.599999999999999,1.94,fog,2,winter
2015-02-04,,10.6,4.400000000000001,1.71,fog,2,winter
2015-02-05,26.2,,8.299999999999999,4.63,fog,2,winter
2015-02-06,17.3,14.4,10.0,4.5,fog,2,winter
2015-02-07,23.6,,9.4,4.63,fog,2,winter
2015-02-08,3.6,,8.299999999999999,3.9,fog,2,winter
2015-02-09,6.1,,8.299999999999999,2.5,fog,2,winter
2015-02-10,0.3,12.8,8.299999999999999,4.04,fog,2,winter
2015-02-11,0.0,12.8,5.599999999999999,1.01,fog,2,winter
2015-02-12,1.0,,9.4,2.13,sun,2,winter
2015-02-13,0.0,15.6,6.700000000000001,1.71,fog,2,winter
2015-02-14,,14.4,6.700000000000001,2.91,fog,2,winter
2015-02-15,0.0,12.2,3.8999999999999977,4.8,sun,2,winter
2015-02-16,0.0,15.0,5.599999999999999,6.63,fog,2,winter
2015-02-17,0.0,16.1,4.400000000000001,4.02,sun,2,winter
2015-02-18,0.0,12.2,4.400000000000001,2.61,sun,2,winter
2015-02-19,4.6,10.6,8.299999999999999,2.24,fog,2,winter
2015-02-20,0.8,,7.2,0.94,fog,2,winter
2015-02-21,0.0,12.2,5.599999999999999,4.51,sun,2,winter
2015-02-22,0.0,,3.2999999999999985,4.23,sun,2,winter
2015-02-23,,,0.5999999999999991,1.42,sun,2,winter
2015-02-24,0.0,11.1,2.2000000000000006,1.52,sun,2,winter
2015-02-25,4.1,10.0,6.700000000000001,1.02,fog,2,winter
2015-02-26,9.4,11.7,7.799999999999999,1.41,fog,2,winter
2015-02-27,18.3,,6.700000000000001,4.0,fog,2,winter
2015-02-28,0.0,12.2,3.2999999999999985,5.13,sun,2,winter
2015-03-01,0.0,11.1,1.0999999999999983,2.21,sun,3,spring
2015-03-02,0.0,11.1,4.400000000000001,4.82,sun,3,spring
2015-03-03,0.0,,0.0,2.12,sun,3,spring
2015-03-04,0.0,12.8,-0.4999999999999992,1.82,sun,3,spring
2015-03-05,0.0,13.3,2.7999999999999994,1.31,sun,3,spring
2015-03-06,0.0,15.0,3.2999999999999985,1.43,sun,3,spring
2015-03-07,,,3.8999999999999977,2.74,fog,3,spring
2015-03-08,0.0,17.2,3.8999999999999977,1.71,fog,3,spring
2015-03-09,0.0,14.4,4.400000000000001,1.82,fog,3,spring
2015-03-10,0.8,13.3,5.0,2.62,fog,3,spring
2015-03-11,2.5,14.4,8.899999999999997,3.12,fog,3,spring
2015-03-12,0.0,,9.4,3.23,sun,3,spring
2015-03-13,2.0,17.2,7.799999999999999,2.23,sun,3,spring
2015-03-14,17.0,13.9,9.4,3.82,fog,3,spring
2015-03-15,55.9,,6.100000000000002,4.2,fog,3,spring
2015-03-16,1.0,13.9,6.100000000000002,3.03,fog,3,spring
2015-03-17,0.8,13.3,4.400000000000001,2.6,sun,3,spring
2015-03-18,0.0,15.6,7.2,2.52,sun,3,spring
2015-03-19,0.0,15.6,8.299999999999999,1.94,sun,3,spring
2015-03-20,4.1,13.9,8.899999999999997,1.91,sun,3,spring
2015-03-21,3.8,13.3,8.299999999999999,4.72,fog,3,spring
2015-03-22,1.0,11.7,6.100000000000002,2.3,sun,3,spring
2015-03-23,8.1,11.1,5.599999999999999,2.82,fog,3,spring
2015-03-24,7.6,12.8,6.100000000000002,3.94,fog,3,spring
2015-03-25,5.1,14.4,7.2,4.41,fog,3,spring
2015-03-26,0.0,,10.0,2.21,sun,3,spring
2015-03-27,1.0,18.3,8.899999999999997,4.03,fog,3,spring
2015-03-28,,15.6,9.4,5.73,sun,3,spring
2015-03-29,0.0,15.6,8.899999999999997,3.04,sun,3,spring
2015-03-30,1.8,17.8,10.6,2.92,fog,3,spring
2015-03-31,1.0,,6.100000000000002,4.2,fog,3,spring
2015-04-01,5.1,,5.599999999999999,3.21,rain,4,spring
2015-04-02,0.0,13.3,5.599999999999999,2.41,sun,4,spring
2015-04-03,1.5,11.1,5.0,3.6,fog,4,spring
2015-04-04,0.0,,3.8999999999999977,1.71,sun,4,spring
2015-04-05,0.0,16.7,2.7999999999999994,2.41,sun,4,spring
2015-04-06,1.0,13.9,6.700000000000001,3.52,sun,4,spring
2015-04-07,0.5,,6.700000000000001,3.94,sun,4,spring
2015-04-08,0.0,17.2,6.100000000000002,1.73,sun,4,spring
2015-04-09,0.0,17.2,6.100000000000002,2.33,sun,4,spring
2015-04-10,10.9,,7.799999999999999,4.61,fog,4,spring
2015-04-11,0.0,,5.599999999999999,6.54,sun,4,spring
2015-04-12,0.0,,5.599999999999999,3.62,sun,4,spring
2015-04-13,14.0,11.7,3.8999999999999977,3.63,fog,4,spring
2015-04-14,3.3,11.7,2.7999999999999994,3.31,sun,4,spring
2015-04-15,0.0,13.9,3.2999999999999985,2.42,sun,4,spring
2015-04-16,0.0,17.8,3.8999999999999977,3.12,sun,4,spring
2015-04-17,0.0,18.9,6.100000000000002,3.64,sun,4,spring
2015-04-18,0.0,18.9,8.299999999999999,3.93,sun,4,spring
2015-04-19,0.0,,8.299999999999999,3.6,sun,4,spring
2015-04-20,0.0,,7.799999999999999,2.61,sun,4,spring
2015-04-21,,17.2,6.700000000000001,3.42,fog,4,spring
2015-04-22,0.0,15.6,5.0,2.31,sun,4,spring
2015-04-23,3.0,12.2,6.700000000000001,4.11,fog,4,spring
2015-04-24,,12.2,6.100000000000002,5.04,fog,4,spring
2015-04-25,1.3,13.3,5.599999999999999,3.0,fog,4,spring
2015-04-26,0.0,15.6,4.400000000000001,2.71,fog,4,spring
2015-04-27,0.3,25.0,10.6,2.32,fog,4,spring
2015-04-28,1.8,15.6,8.899999999999997,4.31,fog,4,spring
2015-04-29,0.0,16.1,7.2,4.73,sun,4,spring
2015-04-30,0.0,17.2,7.799999999999999,2.1,sun,4,spring
2015-05-01,0.0,18.3,8.899999999999997,3.71,sun,5,spring
2015-05-02,0.0,,7.799999999999999,3.71,sun,5,spring
2015-05-03,0.0,,7.799999999999999,2.63,sun,5,spring
2015-05-04,0.0,17.2,7.2,5.2,sun,5,spring
2015-05-05,6.1,,7.2,5.12,fog,5,spring
2015-05-06,0.0,,7.2,2.6,fog,5,spring
2015-05-07,0.0,20.6,6.100000000000002,3.04,sun,5,spring
2015-05-08,0.0,23.9,8.299999999999999,3.04,sun,5,spring
2015-05-09,0.0,26.7,9.4,2.63,sun,5,spring
2015-05-10,0.0,19.4,11.1,2.83,sun,5,spring
2015-05-11,0.0,,10.0,2.53,fog,5,spring
2015-05-12,4.3,15.6,10.6,3.31,fog,5,spring
2015-05-13,4.1,12.2,10.0,2.83,fog,5,spring
2015-05-14,0.3,17.8,9.4,2.0,fog,5,spring
2015-05-15,0.0,20.0,9.4,2.8,fog,5,spring
2015-05-16,0.0,15.6,11.1,3.01,sun,5,spring
2015-05-17,,19.4,10.6,2.13,sun,5,spring
2015-05-18,0.0,25.6,12.2,3.01,sun,5,spring
2015-05-19,0.0,21.7,11.7,2.62,sun,5,spring
2015-05-20,0.0,23.3,10.6,1.83,fog,5,spring
2015-05-21,,25.6,11.7,2.13,sun,5,spring
2015-05-22,0.0,16.7,11.7,3.72,sun,5,spring
2015-05-23,0.0,,11.7,2.62,sun,5,spring
2015-05-24,0.0,17.8,11.1,2.73,sun,5,spring
2015-05-25,0.0,15.6,11.1,2.7,sun,5,spring
2015-05-26,0.0,21.7,11.7,2.13,sun,5,spring
2015-05-27,0.0,,11.7,1.81,sun,5,spring
2015-05-28,0.0,27.8,12.2,2.11,sun,5,spring
2015-05-29,0.0,26.1,12.800000000000002,2.52,sun,5,spring
2015-05-30,0.0,22.8,10.0,2.51,sun,5,spring
2015-05-31,0.0,25.0,11.7,2.22,sun,5,spring
2015-06-01,,,11.7,3.41,fog,6,summer
2015-06-02,0.5,17.8,12.800000000000002,5.04,sun,6,summer
2015-06-03,0.0,20.0,11.7,3.04,sun,6,summer
2015-06-04,0.0,22.8,11.7,3.91,sun,6,summer
2015-06-05,0.0,26.7,12.800000000000002,4.32,sun,6,summer
2015-06-06,0.0,,13.3,2.61,sun,6,summer
2015-06-07,0.0,31.1,15.599999999999998,3.21,sun,6,summer
2015-06-08,0.0,30.6,14.4,3.52,sun,6,summer
2015-06-09,0.0,28.9,14.4,2.71,sun,6,summer
2015-06-10,0.0,25.6,11.1,3.02,sun,6,summer
2015-06-11,0.0,24.4,11.1,3.51,sun,6,summer
2015-06-12,0.0,20.0,11.7,2.33,sun,6,summer
2015-06-13,0.0,23.9,9.4,2.6,sun,6,summer
2015-06-14,0.0,27.8,11.7,3.72,sun,6,summer
2015-06-15,0.0,30.0,16.1,3.51,drizzle,6,summer
2015-06-16,0.0,22.8,11.1,3.01,sun,6,summer
2015-06-17,0.0,25.0,11.1,3.13,sun,6,summer
2015-06-18,0.0,24.4,13.899999999999997,3.04,sun,6,summer
2015-06-19,0.5,23.9,13.3,3.24,fog,6,summer
2015-06-20,,25.0,12.800000000000002,4.32,sun,6,summer
2015-06-21,0.0,25.6,13.899999999999997,3.42,sun,6,summer
2015-06-22,0.0,,12.800000000000002,2.43,sun,6,summer
2015-06-23,0.0,26.1,11.7,2.42,sun,6,summer
2015-06-24,0.0,25.6,16.1,2.63,sun,6,summer
2015-06-25,0.0,,15.599999999999998,3.01,sun,6,summer
2015-06-26,0.0,,17.799999999999994,4.71,sun,6,summer
2015-06-27,0.0,33.3,17.2,3.91,sun,6,summer
2015-06-28,0.3,28.3,18.3,2.1,sun,6,summer
2015-06-29,0.0,28.9,17.2,2.73,sun,6,summer
2015-06-30,0.0,30.6,15.0,3.43,fog,6,summer
2015-07-01,0.0,32.2,17.2,4.32,sun,7,summer
2015-07-02,0.0,33.9,17.799999999999994,3.43,sun,7,summer
2015-07-03,0.0,33.3,17.799999999999994,2.62,sun,7,summer
2015-07-04,0.0,,15.0,2.93,sun,7,summer
2015-07-05,0.0,32.8,16.7,2.13,sun,7,summer
2015-07-06,0.0,29.4,15.599999999999998,3.24,drizzle,7,summer
2015-07-07,0.0,27.2,13.899999999999997,2.43,sun,7,summer
2015-07-08,0.0,30.0,14.4,1.92,drizzle,7,summer
2015-07-09,0.0,,14.4,3.42,sun,7,summer
2015-07-10,0.0,21.1,16.7,3.73,sun,7,summer
2015-07-11,,22.2,16.7,3.01,sun,7,summer
2015-07-12,0.0,26.1,16.7,2.23,sun,7,summer
2015-07-13,0.0,25.6,16.1,3.13,sun,7,summer
2015-07-14,0.0,27.8,16.1,3.32,sun,7,summer
2015-07-15,0.0,26.1,14.4,3.23,sun,7,summer
2015-07-16,0.0,,15.0,2.81,sun,7,summer
2015-07-17,0.0,27.8,13.899999999999997,3.32,sun,7,summer
2015-07-18,0.0,33.3,17.799999999999994,3.42,sun,7,summer
2015-07-19,0.0,35.0,17.2,3.32,sun,7,summer
2015-07-20,0.0,26.7,16.7,3.93,sun,7,summer
2015-07-21,0.0,23.9,15.0,2.44,sun,7,summer
2015-07-22,0.0,,13.899999999999997,2.8,sun,7,summer
2015-07-23,0.0,,14.4,1.92,sun,7,summer
2015-07-24,,22.8,13.3,3.8,fog,7,summer
2015-07-25,,21.1,14.4,2.43,fog,7,summer
2015-07-26,2.0,22.2,13.899999999999997,2.63,fog,7,summer
2015-07-27,0.0,23.3,12.2,1.94,fog,7,summer
2015-07-28,0.0,,13.899999999999997,3.42,sun,7,summer
2015-07-29,0.0,32.2,14.4,3.8,sun,7,summer
2015-07-30,0.0,34.4,17.2,3.51,sun,7,summer
2015-07-31,0.0,34.4,17.799999999999994,2.62,sun,7,summer
2015-08-01,0.0,,15.599999999999998,3.12,sun,8,summer
2015-08-02,,30.6,16.1,2.01,sun,8,summer
2015-08-03,,28.3,17.2,2.32,sun,8,summer
2015-08-04,0.0,26.1,14.4,2.6,fog,8,summer
2015-08-05,0.0,,12.2,3.51,sun,8,summer
2015-08-06,0.0,,15.0,2.91,sun,8,summer
2015-08-07,0.0,28.3,15.599999999999998,3.73,sun,8,summer
2015-08-08,0.0,25.0,15.599999999999998,3.62,fog,8,summer
2015-08-09,0.0,,15.0,2.22,sun,8,summer
2015-08-10,0.0,28.9,16.1,2.43,sun,8,summer
2015-08-11,0.0,30.0,16.7,4.42,sun,8,summer
2015-08-12,7.6,28.3,16.7,2.74,rain,8,summer
2015-08-13,0.0,28.3,15.599999999999998,2.22,sun,8,summer
2015-08-14,30.5,,15.0,5.21,rain,8,summer
2015-08-15,0.0,21.7,13.899999999999997,3.73,sun,8,summer
2015-08-16,0.0,,14.4,3.7,sun,8,summer
2015-08-17,0.0,27.2,13.899999999999997,3.01,sun,8,summer
2015-08-18,0.0,30.0,15.0,3.04,sun,8,summer
2015-08-19,0.0,31.7,16.1,2.1,drizzle,8,summer
2015-08-20,,22.8,14.4,4.22,fog,8,summer
2015-08-21,0.0,22.2,14.4,2.61,sun,8,summer
2015-08-22,0.0,26.7,12.2,2.53,drizzle,8,summer
2015-08-23,,,13.899999999999997,1.8,drizzle,8,summer
2015-08-24,0.0,23.9,12.2,2.31,sun,8,summer
2015-08-25,0.0,25.6,12.2,3.43,sun,8,summer
2015-08-26,0.0,28.3,13.899999999999997,1.72,sun,8,summer
2015-08-27,0.0,29.4,14.4,2.12,sun,8,summer
2015-08-28,0.5,,15.599999999999998,2.64,fog,8,summer
2015-08-29,32.5,22.2,13.3,5.83,fog,8,summer
2015-08-30,10.2,20.0,12.800000000000002,4.73,fog,8,summer
2015-08-31,0.0,,16.1,5.82,sun,8,summer
2015-09-01,5.8,,13.899999999999997,5.02,fog,9,autumn
2015-09-02,0.0,19.4,11.1,3.82,sun,9,autumn
2015-09-03,0.0,18.3,10.6,2.92,sun,9,autumn
2015-09-04,0.0,,10.0,2.93,sun,9,autumn
2015-09-05,0.3,20.6,8.899999999999997,3.52,sun,9,autumn
2015-09-06,5.3,16.1,11.7,2.43,fog,9,autumn
2015-09-07,0.3,21.1,13.3,1.5,fog,9,autumn
2015-09-08,0.0,,13.3,2.41,sun,9,autumn
2015-09-09,0.0,24.4,13.899999999999997,3.33,sun,9,autumn
2015-09-10,0.0,25.0,14.4,3.63,fog,9,autumn
2015-09-11,0.0,,15.0,3.11,sun,9,autumn
2015-09-12,0.0,26.7,14.4,2.12,sun,9,autumn
2015-09-13,0.5,,12.800000000000002,3.01,fog,9,autumn
2015-09-14,0.0,16.7,10.6,3.43,sun,9,autumn
2015-09-15,0.0,17.8,10.0,2.81,sun,9,autumn
2015-09-16,,20.0,10.0,1.93,sun,9,autumn
2015-09-17,1.8,,12.800000000000002,3.81,fog,9,autumn
2015-09-18,0.0,19.4,12.800000000000002,2.6,sun,9,autumn
2015-09-19,0.0,21.1,14.4,4.32,sun,9,autumn
2015-09-20,4.1,,12.2,6.81,fog,9,autumn
2015-09-21,0.0,18.3,9.4,2.71,fog,9,autumn
2015-09-22,0.0,18.9,7.799999999999999,2.01,sun,9,autumn
2015-09-23,0.0,20.6,8.299999999999999,1.84,sun,9,autumn
2015-09-24,0.0,22.2,11.1,2.52,fog,9,autumn
2015-09-25,2.0,15.6,12.800000000000002,2.6,fog,9,autumn
2015-09-26,0.0,18.3,10.0,2.71,sun,9,autumn
2015-09-27,0.0,,7.2,3.81,sun,9,autumn
2015-09-28,0.0,21.1,9.4,5.12,sun,9,autumn
2015-09-29,0.0,,8.899999999999997,1.91,sun,9,autumn
2015-09-30,0.0,18.3,10.0,1.32,fog,9,autumn
2015-10-01,0.0,21.1,9.4,1.33,fog,10,autumn
2015-10-02,0.0,,10.0,2.91,fog,10,autumn
2015-10-03,0.0,,11.1,4.82,sun,10,autumn
2015-10-04,,22.8,10.0,3.71,sun,10,autumn
2015-10-05,0.0,23.3,9.4,1.63,sun,10,autumn
2015-10-06,0.0,18.3,10.0,2.61,drizzle,10,autumn
2015-10-07,9.9,,13.899999999999997,2.24,fog,10,autumn
2015-10-08,0.0,18.9,13.3,1.1,fog,10,autumn
2015-10-09,0.3,19.4,12.2,2.64,fog,10,autumn
2015-10-10,28.7,21.1,13.3,4.74,fog,10,autumn
2015-10-11,0.0,,10.6,2.63,sun,10,autumn
2015-10-12,4.6,18.3,10.6,2.83,fog,10,autumn
2015-10-13,1.3,16.7,9.4,3.21,fog,10,autumn
2015-10-14,0.0,,10.0,5.02,fog,10,autumn
2015-10-15,0.0,21.1,9.4,3.41,fog,10,autumn
2015-10-16,0.0,20.0,8.899999999999997,1.3,sun,10,autumn
2015-10-17,,19.4,11.7,1.31,fog,10,autumn
2015-10-18,3.8,15.0,12.800000000000002,2.01,fog,10,autumn
2015-10-19,0.3,17.2,12.2,2.64,fog,10,autumn
2015-10-20,0.0,17.8,10.6,1.83,fog,10,autumn
2015-10-21,0.0,16.1,8.299999999999999,1.33,fog,10,autumn
2015-10-22,0.0,16.1,8.899999999999997,2.73,fog,10,autumn
2015-10-23,0.0,,7.2,2.61,fog,10,autumn
2015-10-24,0.0,15.0,8.899999999999997,2.92,fog,10,autumn
2015-10-25,8.9,,8.899999999999997,3.43,rain,10,autumn
2015-10-26,6.9,12.2,10.0,4.63,fog,10,autumn
2015-10-27,0.0,16.1,7.799999999999999,1.7,fog,10,autumn
2015-10-28,3.3,,11.1,2.83,fog,10,autumn
2015-10-29,1.8,15.0,12.2,4.73,fog,10,autumn
2015-10-30,19.3,17.2,11.7,6.71,fog,10,autumn
2015-10-31,,15.6,11.7,7.21,fog,10,autumn
2015-11-01,26.2,12.2,8.899999999999997,6.01,fog,11,autumn
2015-11-02,0.3,11.1,7.2,2.81,fog,11,autumn
2015-11-03,,10.6,5.0,1.42,fog,11,autumn
2015-11-04,0.0,10.0,3.2999999999999985,2.23,sun,11,autumn
2015-11-05,1.3,11.7,7.799999999999999,2.33,fog,11,autumn
2015-11-06,0.0,15.6,8.299999999999999,2.72,fog,11,autumn
2015-11-07,12.7,12.2,9.4,3.03,fog,11,autumn
2015-11-08,6.6,,7.799999999999999,1.8,fog,11,autumn
2015-11-09,3.3,10.0,5.0,1.33,fog,11,autumn
2015-11-10,,11.1,3.8999999999999977,3.93,fog,11,autumn
2015-11-11,1.5,11.1,6.100000000000002,4.63,sun,11,autumn
2015-11-12,9.9,11.1,5.0,5.11,fog,11,autumn
2015-11-13,33.5,,9.4,6.53,fog,11,autumn
2015-11-14,47.2,9.4,6.100000000000002,4.53,fog,11,autumn
2015-11-15,22.4,8.9,2.2000000000000006,4.1,fog,11,autumn
2015-11-16,2.0,,1.7000000000000013,4.01,fog,11,autumn
2015-11-17,29.5,13.3,6.700000000000001,8.03,fog,11,autumn
2015-11-18,1.5,8.9,3.2999999999999985,3.84,sun,11,autumn
2015-11-19,2.0,8.9,2.7999999999999994,4.21,sun,11,autumn
2015-11-20,0.0,8.3,0.5999999999999991,4.02,fog,11,autumn
2015-11-21,0.0,8.9,0.5999999999999991,4.7,sun,11,autumn
2015-11-22,0.0,10.0,1.7000000000000013,3.11,fog,11,autumn
2015-11-23,3.0,6.7,0.0,1.3,fog,11,autumn
2015-11-24,7.1,6.7,2.7999999999999994,4.51,fog,11,autumn
2015-11-25,0.0,7.2,0.0,5.73,sun,11,autumn
2015-11-26,0.0,9.4,-1.0000000000000004,4.33,sun,11,autumn
2015-11-27,0.0,,-1.5999999999999994,3.01,sun,11,autumn
2015-11-28,0.0,7.2,-2.7,1.03,sun,11,autumn
2015-11-29,0.0,1.7,-2.1000000000000005,0.92,fog,11,autumn
2015-11-30,,5.6,-3.8,1.73,fog,11,autumn
2015-12-01,12.2,10.0,3.8999999999999977,3.52,fog,12,winter
2015-12-02,2.5,10.6,4.400000000000001,5.03,fog,12,winter
2015-12-03,12.7,15.6,7.799999999999999,5.92,fog,12,winter
2015-12-04,2.0,10.6,6.100000000000002,4.7,fog,12,winter
2015-12-05,15.7,10.0,6.100000000000002,4.01,fog,12,winter
2015-12-06,11.2,12.8,7.2,5.93,fog,12,winter
2015-12-07,,,8.299999999999999,3.42,fog,12,winter
2015-12-08,,15.6,10.0,6.22,fog,12,winter
2015-12-09,13.5,12.2,7.799999999999999,6.33,fog,12,winter
2015-12-10,9.4,11.7,6.100000000000002,7.51,fog,12,winter
2015-12-11,0.3,,4.400000000000001,2.82,sun,12,winter
2015-12-12,16.0,8.9,5.599999999999999,5.61,fog,12,winter
2015-12-13,,7.8,6.100000000000002,6.14,sun,12,winter
2015-12-14,0.0,7.8,1.7000000000000013,1.72,sun,12,winter
2015-12-15,1.5,6.7,1.0999999999999983,2.91,fog,12,winter
2015-12-16,3.6,,2.7999999999999994,2.34,fog,12,winter
2015-12-17,21.8,6.7,3.8999999999999977,6.01,fog,12,winter
2015-12-18,18.5,8.9,4.400000000000001,5.14,fog,12,winter
2015-12-19,0.0,8.3,2.7999999999999994,4.12,fog,12,winter
2015-12-20,4.3,,4.400000000000001,6.7,fog,12,winter
2015-12-21,27.4,5.6,2.7999999999999994,4.32,fog,12,winter
2015-12-22,4.6,7.8,2.7999999999999994,5.0,fog,12,winter
2015-12-23,6.1,5.0,2.7999999999999994,7.6,fog,12,winter
2015-12-24,2.5,5.6,2.2000000000000006,4.32,fog,12,winter
2015-12-25,5.8,5.0,2.2000000000000006,1.53,fog,12,winter
2015-12-26,0.0,4.4,0.0,2.5,sun,12,winter
2015-12-27,8.6,4.4,1.7000000000000013,2.93,fog,12,winter
2015-12-28,1.5,5.0,1.7000000000000013,1.31,fog,12,winter
2015-12-29,0.0,7.2,0.5999999999999991,2.6,fog,12,winter
2015-12-30,0.0,5.6,-1.0000000000000004,3.44,sun,12,winter
2015-12-31,0.0,,-2.1000000000000005,3.52,sun,12,winter
